Plot;Treatment;Basalt_type_exp;Dose_response_exp.;Sampled_on;Daysafterstart;EC;unit;EC_µS_cm;pH;DOC_raw;DOC;DIC_raw;DIC_minus_blanks;DIC;DTC_raw;DTC;Unit;measured_pH_EC_on;measured_by;Notes;Alkalinity_mg_l_CaCO3;Alkalinity_meq_l;Alk_meq_l_corr;NH4-N_mgN_l;NO2-N_mgN_l;NO3-N_mgN_l;PO4-P_mgP_l;SO4_mgSO4_l;Cl_mgCl_l;Ca_mg_l;Fe_mg_l;K_mg_l;Mg_mg_l;Na_mg_l;Ni_mg_l;P_mg_l;Al_mg_l;Si_mg_l
1;Control;Y;Y;25/04/2023;-28;201.2;µS/cm;201.20;7.22;7.095;5.899;-0.685;-0.685;0;6.41;5.214;mg/l;6/mei/23;Emma/Jef;;21;0.43;0.43;;;;;;;;;;;;;;;
2;Eifelgold_50;Y;N;25/04/2023;-28;219.7;µS/cm;219.70;7.05;28.32;27.124;4.15;4.15;4.15;32.47;31.274;mg/l;6/mei/23;Emma/Jef;;20;0.41;0.41;0.26;0.0013;0.739;0.438;15.0;1.5;10.4;0.14;7.45;2.65;1.76;0.005;;0.355;
3;Huhnerberg_02;N;Y;25/04/2023;-28;;µS/cm;;;31.912;30.716;8.265;8.265;8.265;40.177;38.981;mg/l;6/mei/23;Emma/Jef;;;;;;;;;;;;;;;;;;;
4;Bolsdorfer_50;Y;N;25/04/2023;-28;339.5;µS/cm;339.50;7.09;27.192;25.996;2.602;2.602;2.602;29.793;28.597;mg/l;6/mei/23;Emma/Jef;;26;0.52;0.52;0.95;0.0001;0.957;1.181;28.9;1.5;;;;;;;;;
5;Huhnerberg_04;N;Y;25/04/2023;-28;154.4;µS/cm;154.40;6.84;19.496;18.3;2.785;2.785;2.785;22.281;21.085;mg/l;6/mei/23;Emma/Jef;;13;0.26;0.26;0.13;0.0028;0.387;0.494;7.2;1.5;7.5;0.11;2.24;2.47;1.09;0.003;;0.285;
6;Lime_02;Y;N;25/04/2023;-28;155.6;µS/cm;155.60;6.85;26.608;25.412;3.143;3.143;3.143;29.751;28.555;mg/l;6/mei/23;Emma/Jef;;10;0.19;0.19;0.10;0.0011;0.506;0.334;9.5;1.5;7.7;0.09;2.05;2.31;0.92;0.003;;0.220;
7;Huhnerberg_08;N;Y;25/04/2023;-28;160.8;µS/cm;160.80;6.99;36.695;35.499;7.416;7.416;7.416;44.111;42.915;mg/l;6/mei/23;Emma/Jef;;10;0.21;0.21;0.11;0.0004;0.309;0.176;9.7;1.5;8.3;0.13;1.97;2.60;0.99;0.002;;0.490;
8;Huhnerberg_12;N;Y;25/04/2023;-28;193.5;µS/cm;193.50;6.81;;;;;;;;;6/mei/23;Emma/Jef;;20;0.41;0.41;0.26;0.0012;0.364;0.886;9.3;1.5;7.9;0.18;6.23;3.18;1.67;0.002;;0.283;
9;Huhnerberg_50;Y;Y;25/04/2023;-28;150.1;µS/cm;150.10;6.89;;;;;;;;;6/mei/23;Emma/Jef;;9;0.18;0.18;0.13;0.0075;0.548;0.804;10.3;1.5;7.2;0.10;2.93;2.58;0.77;0.001;;0.227;
10;Lime_02;Y;N;25/04/2023;-28;143.4;µS/cm;143.40;6.61;;;;;;;;;6/mei/23;Emma/Jef;;10;0.20;0.20;0.05;0.0032;0.421;0.203;10.9;1.5;7.4;0.08;1.46;2.49;0.53;0.001;;0.259;
11;Control;Y;Y;25/04/2023;-28;207.8;µS/cm;207.80;7.14;;;;;;;;;6/mei/23;Emma/Jef;;23;0.47;0.47;0.24;0.0013;0.477;0.430;7.0;1.5;6.4;0.22;14.72;2.07;1.73;0.002;;0.478;
12;Huhnerberg_20;N;Y;25/04/2023;-28;167;µS/cm;167.00;6.90;;;;;;;;;6/mei/23;Emma/Jef;;11;0.22;0.22;0.09;0.0001;0.576;0.383;15.7;1.5;8.1;0.06;2.14;3.06;0.95;0.001;;0.157;
13;Eifelgold_50;Y;N;25/04/2023;-28;129.2;µS/cm;129.20;6.72;;;;;;;;;6/mei/23;Emma/Jef;;3;0.06;0.06;0.07;0.0001;0.460;0.405;7.5;1.5;6.0;0.07;1.77;1.98;0.65;0.002;;0.188;
14;Huhnerberg_50;Y;Y;25/04/2023;-28;223.8;µS/cm;223.80;6.93;;;;;;;;;6/mei/23;Emma/Jef;;32;0.63;0.63;0.12;0.0019;0.258;0.605;8.2;1.5;13.3;0.12;5.40;4.04;1.25;0.004;;0.168;
15;Bolsdorfer_50;Y;N;25/04/2023;-28;205;µS/cm;205.00;6.92;;;;;;;;;6/mei/23;Emma/Jef;;17;0.33;0.33;0.03;0.0013;0.258;0.351;18.5;1.5;7.2;0.08;3.26;2.19;1.02;0.002;;0.146;
16;Huhnerberg_30;N;Y;25/04/2023;-28;207.2;µS/cm;207.20;7.24;;;;;;;;;6/mei/23;Emma/Jef;;17;0.33;0.33;0.15;0.0012;0.574;;;;10.2;0.21;5.40;2.63;1.77;0.005;;0.136;
17;Lime_02;Y;N;25/04/2023;-28;156.3;µS/cm;156.30;6.74;;;;;;;;;6/mei/23;Emma/Jef;;17;0.34;0.34;0.12;0.0001;0.239;0.580;9.0;1.5;8.6;0.13;2.06;2.41;0.63;0.004;;0.183;
18;Control;Y;Y;25/04/2023;-28;182.3;µS/cm;182.30;7.13;;;;;;;;;6/mei/23;Emma/Jef;;16;0.32;0.32;0.02;0.0001;0.359;0.706;5.9;1.5;6.6;0.07;0.64;2.39;0.24;0.001;;0.090;
19;Huhnerberg_50;Y;Y;25/04/2023;-28;143.3;µS/cm;143.30;6.92;;;;;;;;;6/mei/23;Emma/Jef;;11;0.22;0.22;0.12;0.0008;0.422;0.520;9.3;3.0;7.6;0.11;2.04;2.43;0.49;0.003;;0.165;
20;Bolsdorfer_50;Y;N;25/04/2023;-28;123.6;µS/cm;123.60;6.74;;;;;;;;;6/mei/23;Emma/Jef;;11;0.23;0.23;0.04;0.0023;0.435;0.437;5.3;3.0;6.5;0.10;0.90;1.91;0.53;0.002;;0.144;
21;Eifelgold_50;Y;N;25/04/2023;-28;150.5;µS/cm;150.50;7.02;;;;;;;;;6/mei/23;Emma/Jef;;14;0.28;0.28;;;;0.418;10.5;1.5;9.1;0.09;0.85;2.92;0.47;0.003;;0.143;
1;Control;Y;Y;20/06/2023;28;3.158;mS/cm;3158.00;6.51;51.307;47.95;-0.147;2.579;2.579;51.16;50.529;mg/l;5/jul/23;Lien;;3;0.06;0.06;72.85;0.0007;325.53;0.01;69;108;265.1;0.038;93.1;86.3;23.6;0.007;0.33;0.128;5.0
2;Eifelgold_50;Y;N;20/06/2023;28;1.735;mS/cm;1735.00;7.18;44.962;41.605;7.432;10.158;10.158;52.394;51.763;mg/l;5/jul/23;Lien;;43;0.87;0.87;5.93;0.0007;103.91;1.01;82;212;154.6;0.052;62.8;55.3;41.5;0.005;1.50;0.135;8.6
3;Huhnerberg_02;N;Y;20/06/2023;28;6.149;mS/cm;6149.00;6.96;79.48;76.123;1.769;4.495;4.495;81.249;80.618;mg/l;5/jul/23;Lien;;10;0.20;0.20;71.88;0.0049;423.16;0.19;40;733;270.8;0.102;634.5;86.7;148.6;0.008;0.47;0.256;6.1
4;Bolsdorfer_50;Y;N;20/06/2023;28;632.4;µS/cm;632.40;7.46;29.5;26.143;1.813;4.539;4.539;31.313;30.682;mg/l;5/jul/23;Lien;;25;0.50;0.50;0.45;0.0005;31.90;0.42;43;70;36.6;0.073;80.1;13.5;22.2;0.004;0.55;0.159;5.2
5;Huhnerberg_04;N;Y;20/06/2023;28;2.831;mS/cm;2831.00;6.80;32.884;29.527;-1.831;0.895;0.895;31.053;30.422;mg/l;5/jul/23;Lien;;3;0.06;0.06;;;;;;;273.5;0.015;85.8;80.7;23.7;0.008;0.22;0.085;7.2
6;Lime_02;Y;N;20/06/2023;28;2.951;mS/cm;2951.00;7.06;47.904;44.547;2.932;5.658;5.658;50.837;50.206;mg/l;5/jul/23;Lien;;20;0.40;0.40;45.23;0.0010;307.86;0.18;33;106;290.0;0.042;98.3;77.3;24.7;0.007;0.24;0.165;5.4
7;Huhnerberg_08;N;Y;20/06/2023;28;492;µS/cm;492.00;7.28;44.598;41.241;5.985;8.711;8.711;50.583;49.952;mg/l;5/jul/23;Lien;;55;1.11;1.11;2.27;0.0008;29.19;0.16;41;18;33.0;0.149;46.8;13.0;10.6;0.009;0.32;0.498;5.6
8;Huhnerberg_12;N;Y;20/06/2023;28;774.3;µS/cm;774.30;7.38;60.169;56.812;3.1;5.826;5.826;63.269;62.638;mg/l;5/jul/23;Lien;;43;0.85;0.85;6.36;0.0005;51.81;0.43;52;40;56.5;0.151;66.0;22.3;16.6;0.008;0.66;0.451;7.7
9;Huhnerberg_50;Y;Y;20/06/2023;28;446.8;µS/cm;446.80;7.58;25.764;22.407;5.903;8.629;8.629;31.666;31.035;mg/l;5/jul/23;Lien;;45;0.90;0.90;0.83;0.0013;28.53;0.64;27;20;36.1;0.062;22.2;14.4;10.1;0.007;0.77;0.180;4.3
10;Lime_02;Y;N;20/06/2023;28;289.4;µS/cm;289.40;7.69;26.434;23.077;5.848;8.574;8.574;32.282;31.651;mg/l;5/jul/23;Lien;;45;0.89;0.89;0.71;0.0003;15.51;0.36;19;9;26.2;0.055;17.2;8.6;5.6;0.004;0.33;0.192;4.0
11;Control;Y;Y;20/06/2023;28;754.4;µS/cm;754.40;7.16;28.411;25.054;1.502;4.228;4.228;29.912;29.281;mg/l;5/jul/23;Lien;;25;0.50;0.50;5.34;0.0005;59.71;0.13;31;47;70.4;0.041;27.1;23.4;9.5;0.004;0.21;0.176;4.6
12;Huhnerberg_20;N;Y;20/06/2023;28;1.195;mS/cm;1195.00;6.84;23.564;20.207;-0.907;1.819;1.819;22.657;22.026;mg/l;5/jul/23;Lien;;3;0.06;0.06;6.93;0.0010;129.09;0.18;27;24;105.7;0.032;35.0;40.6;11.8;0.006;0.25;0.150;4.4
13;Eifelgold_50;Y;N;20/06/2023;28;441.3;µS/cm;441.30;7.28;65.421;62.064;4.101;6.827;6.827;69.521;68.89;mg/l;5/jul/23;Lien;;45;0.89;0.89;1.31;0.0007;16.92;0.45;45;32;31.8;0.230;31.0;11.9;15.3;0.008;1.09;0.471;8.7
14;Huhnerberg_50;Y;Y;20/06/2023;28;1.468;mS/cm;1468.00;7.75;44.078;40.721;10.345;13.071;13.071;54.422;53.791;mg/l;5/jul/23;Lien;;65;1.30;1.30;5.41;0.0007;141.14;0.42;51;35;121.3;0.080;88.6;50.4;26.9;0.013;0.61;0.175;8.5
15;Bolsdorfer_50;Y;N;20/06/2023;28;496;µS/cm;496.00;7.40;27.702;24.345;0.343;3.069;3.069;28.045;27.414;mg/l;5/jul/23;Lien;;19;0.37;0.37;1.45;0.0010;41.29;0.44;25;19;43.5;0.072;26.6;14.3;9.1;0.004;0.57;0.265;6.0
16;Huhnerberg_30;N;Y;20/06/2023;28;246.1;µS/cm;246.10;7.66;28.545;25.188;7.044;9.77;9.77;35.589;34.958;mg/l;5/jul/23;Lien;;51;1.01;1.01;0.50;0.0001;7.05;0.94;26;8;21.4;0.111;15.4;7.0;7.9;0.009;1.19;0.158;6.2
17;Lime_02;Y;N;20/06/2023;28;1.558;mS/cm;1558.00;7.20;;;;;;;;;5/jul/23;Lien;;25;0.49;0.49;;;;;;;108.2;0.092;82.4;38.1;11.5;0.010;1.79;0.086;7.4
18;Control;Y;Y;20/06/2023;28;2.207;mS/cm;2207.00;6.74;60.554;57.197;0.03;2.756;2.756;60.584;59.953;mg/l;5/jul/23;Lien;;12;0.23;0.23;69.14;0.0005;232.18;0.96;43;38;151.1;0.115;101.3;57.1;10.9;0.009;2.00;0.220;5.6
19;Huhnerberg_50;Y;Y;20/06/2023;28;1.414;mS/cm;1414.00;7.68;35.032;31.675;8.772;11.498;11.498;43.804;43.173;mg/l;5/jul/23;Lien;;53;1.05;1.05;13.30;0.0008;144.59;0.63;56;14;108.7;0.108;41.4;53.6;30.0;0.018;0.78;0.151;7.4
20;Bolsdorfer_50;Y;N;20/06/2023;28;2.26;mS/cm;2260.00;7.43;33.582;30.225;5.401;8.127;8.127;38.983;38.352;mg/l;5/jul/23;Lien;;34;0.68;0.68;50.73;0.0227;253.30;0.25;33;27;180.7;0.053;66.0;55.4;38.6;0.006;0.45;0.099;11.5
21;Eifelgold_50;Y;N;20/06/2023;28;817.5;µS/cm;817.50;7.40;21.832;18.475;1.654;4.38;4.38;23.485;22.854;mg/l;5/jul/23;Lien;;16;0.32;0.32;1.19;0.0008;35.12;0.40;22;131;72.7;0.044;30.6;26.1;18.3;0.006;0.68;0.011;6.1
1;Control;Y;Y;25/07/2023;63;219.9;µs/cm;219.90;7.51;35.652;32.123;0.3885;3.5615;3.5615;36.0405;35.6845;mg/l;28/jul/23;Lien;;33;0.7;0.65;;;;;;;;;;;;;;;
2;Eifelgold_50;Y;N;25/07/2023;63;;;;;;;;;;;;;28/jul/23;Lien;;;;;;;;;;;;;;;;;;;
3;Huhnerberg_02;N;Y;25/07/2023;63;265.2;µs/cm;265.20;7.73;37.397;33.868;2.5785;5.7515;5.7515;39.975;39.619;mg/l;28/jul/23;Lien;;55;1.1;1.10;;;;;;;;;;;;;;;
4;Bolsdorfer_50;Y;N;25/07/2023;63;116.5;µs/cm;116.50;7.04;27.793;24.264;2.462;5.635;5.635;30.2555;29.8995;mg/l;28/jul/23;Lien;;44;0.9;0.89;0.260;0.0008;2.00;0.31;<4;4.1;8.01;0.139;9.56;2.21;7.64;<0,001;;0.227;5.006
5;Huhnerberg_04;N;Y;25/07/2023;63;101.9;µs/cm;101.90;7.14;23.359;19.83;0.7735;3.9465;3.9465;24.1325;23.7765;mg/l;28/jul/23;Lien;;36;0.7;0.71;0.511;0.0005;2.73;0.36;<4;5.4;11.21;0.108;6.19;2.94;2.74;<0,001;;0.228;2.312
6;Lime_02;Y;N;25/07/2023;63;146.3;µs/cm;146.30;7.26;21.77;18.241;1.389;4.562;4.562;23.159;22.803;mg/l;28/jul/23;Lien;;40;0.8;0.80;0.734;0.0004;6.02;0.52;<4;6.2;14.67;0.075;11.00;3.10;2.37;<0,001;;0.094;2.679
7;Huhnerberg_08;N;Y;25/07/2023;63;116.4;µs/cm;116.40;6.99;40.217;36.688;2.193;5.366;5.366;42.4095;42.0535;mg/l;28/jul/23;Lien;;48;1.0;0.95;0.066;0.0006;0.81;0.06;<4;6.2;11.30;0.169;8.71;2.83;5.66;<0,001;;0.460;2.399
8;Huhnerberg_12;N;Y;25/07/2023;63;102.5;µs/cm;102.50;7.07;28.503;24.974;2.6125;5.7855;5.7855;31.115;30.759;mg/l;28/jul/23;Lien;;41;0.8;0.83;0.118;0.0006;0.70;0.44;<4;3.6;7.16;0.123;12.52;2.36;3.50;<0,001;;0.236;2.370
9;Huhnerberg_50;Y;Y;25/07/2023;63;186.6;µs/cm;186.60;7.02;47.88;44.351;4.529;7.702;7.702;52.409;52.053;mg/l;28/jul/23;Lien;;59;1.2;1.19;1.127;0.0004;1.45;0.28;6.3;12.1;15.73;0.139;16.56;5.46;3.12;<0,001;;0.043;3.547
10;Lime_02;Y;N;25/07/2023;63;217.7;µs/cm;217.70;7.42;25.901;22.372;11.079;14.252;14.252;36.9805;36.6245;mg/l;28/jul/23;Lien;;84;1.7;1.69;0.966;0.0007;2.52;0.66;<4;5.4;14.56;0.101;27.27;5.36;2.26;<0,001;;0.028;2.282
11;Control;Y;Y;25/07/2023;63;85.76;µs/cm;85.76;6.93;19.997;16.468;1.9375;5.1105;5.1105;21.9345;21.5785;mg/l;28/jul/23;Lien;;42;0.8;0.84;0.577;0.0006;0.54;0.25;<4;3.3;7.43;0.089;9.32;1.73;1.84;<0,001;;0.256;2.205
12;Huhnerberg_20;N;Y;25/07/2023;63;104.1;µs/cm;104.10;6.61;23.397;19.868;2.9025;6.0755;6.0755;26.3;25.944;mg/l;28/jul/23;Lien;;49;1.0;0.98;0.788;0.0001;1.52;0.51;<4;3.9;10.18;0.100;6.03;2.86;3.43;<0,001;;0.308;2.821
13;Eifelgold_50;Y;N;25/07/2023;63;151.9;µs/cm;151.90;6.99;38.929;35.4;4.756;7.929;7.929;43.6855;43.3295;mg/l;28/jul/23;Lien;;61;1.2;1.22;0.975;0.0003;1.35;0.72;<4;5.4;6.40;0.232;16.10;2.09;13.37;<0,001;;0.219;6.500
14;Huhnerberg_50;Y;Y;25/07/2023;63;226.8;µs/cm;226.80;7.73;;;;;;;;;28/jul/23;Lien;;72;1.4;1.43;;;;;;;;;;;;;;;
15;Bolsdorfer_50;Y;N;25/07/2023;63;157.1;µs/cm;157.10;7.26;23.552;20.023;7.1575;10.3305;10.3305;30.709;30.353;mg/l;28/jul/23;Lien;;58;1.2;1.16;0.404;0.0003;2.07;0.47;<4;3.3;12.40;0.118;12.50;2.90;8.82;<0,001;;0.123;5.031
16;Huhnerberg_30;N;Y;25/07/2023;63;234.2;µs/cm;234.20;7.20;28.179;24.65;5.7705;8.9435;8.9435;33.95;33.594;mg/l;28/jul/23;Lien;;51;1.0;1.01;0.225;0.0005;8.93;0.43;9.3;6.4;22.39;0.116;10.32;6.35;8.52;<0,001;;0.045;5.436
17;Lime_02;Y;N;25/07/2023;63;127.6;µs/cm;127.60;6.81;19.401;15.872;2.5965;5.7695;5.7695;21.998;21.642;mg/l;28/jul/23;Lien;;36;0.7;0.71;0.437;0.0006;3.20;1.01;<4;5.4;12.28;0.075;9.94;3.58;1.02;<0,001;;0.109;1.939
18;Control;Y;Y;25/07/2023;63;126.7;µs/cm;126.70;7.12;25.415;21.886;2.2165;5.3895;5.3895;27.6315;27.2755;mg/l;28/jul/23;Lien;;35;0.7;0.69;0.468;0.0010;3.45;0.98;<4;4.2;10.76;0.138;13.04;2.89;2.96;<0,001;;0.118;2.367
19;Huhnerberg_50;Y;Y;25/07/2023;63;152.2;µs/cm;152.20;7.56;24.257;20.728;6.334;9.507;9.507;30.591;30.235;mg/l;28/jul/23;Lien;;56;1.1;1.11;0.590;0.0011;2.39;0.45;<4;4.6;12.86;0.138;6.38;4.99;8.40;<0,001;;0.065;4.259
20;Bolsdorfer_50;Y;N;25/07/2023;63;267.5;µs/cm;267.50;6.72;21.453;17.924;2.094;5.267;5.267;23.5465;23.1905;mg/l;28/jul/23;Lien;;40;0.8;0.81;0.350;0.0010;18.58;0.46;<4;3.2;26.51;0.093;6.62;5.98;10.26;<0,001;;0.103;4.463
21;Eifelgold_50;Y;N;25/07/2023;63;155.1;µs/cm;155.10;7.52;20.874;17.345;6.3015;9.4745;9.4745;27.1755;26.8195;mg/l;28/jul/23;Lien;;56;1.1;1.11;;;;;;;12.35;0.120;11.64;3.75;8.33;<0,001;;0.167;4.415
1;Control;Y;Y;6/09/2023;106;175.9;µS/cm;175.90;7.42;19.771;15.958;0.892;4.25;4.25;20.663;20.208;mg/l;;Emma;;14;0.28;0.28;0.12;0.0004;7.99;0.29;7;12;14.64;0.076;16.19;4.19;2.30;<0,001;;0.212;2.389
2;Eifelgold_50;Y;N;6/09/2023;106;121.1;µS/cm;121.10;7.59;14.747;10.934;2.676;6.034;6.034;17.422;16.967;mg/l;;Emma;;25;0.50;0.50;0.05;0.0003;3.26;0.30;6;4;8.58;0.052;11.60;2.05;4.34;<0,001;;0.155;3.967
3;Huhnerberg_02;N;Y;6/09/2023;106;181.9;µS/cm;181.90;7.83;23.526;19.713;4.129;7.487;7.487;27.655;27.2;mg/l;;Emma;;36;0.72;0.72;0.09;0.0004;6.04;0.21;8;7;16.15;0.088;17.99;3.99;2.20;<0,001;;0.287;3.145
4;Bolsdorfer_50;Y;N;6/09/2023;106;527.9;µS/cm;527.90;7.68;22.81;18.997;5.057;8.415;8.415;27.866;27.411;mg/l;;Emma;;35;0.70;0.70;0.89;0.0003;10.02;0.37;14;9;12.69;0.080;13.67;3.54;18.52;<0,001;;0.223;4.874
5;Huhnerberg_04;N;Y;6/09/2023;106;155.1;µS/cm;155.10;7.46;18.694;14.881;0.803;4.161;4.161;19.496;19.041;mg/l;;Emma;;15;0.30;0.30;0.21;0.0003;3.75;0.26;6;11;11.09;0.068;12.36;3.43;1.81;<0,001;;0.223;2.432
6;Lime_02;Y;N;6/09/2023;106;249.3;µS/cm;249.30;7.45;17.653;13.84;0.456;3.814;3.814;18.109;17.654;mg/l;;Emma;;14;0.28;0.28;0.12;0.0004;9.66;0.32;7;5;17.49;0.052;9.20;3.52;1.20;<0,001;;0.173;2.339
7;Huhnerberg_08;N;Y;6/09/2023;106;301.8;µS/cm;301.80;7.45;26.865;23.052;1.089;4.447;4.447;27.955;27.5;mg/l;;Emma;;11;0.23;0.23;0.18;0.0007;21.45;0.19;16;7;21.10;0.100;24.02;7.72;7.15;<0,001;;0.309;2.998
8;Huhnerberg_12;N;Y;6/09/2023;106;322.7;µS/cm;322.70;7.30;18.129;14.316;1.709;5.067;5.067;19.838;19.383;mg/l;;Emma;;3;0.06;0.06;0.12;0.0005;22.98;0.24;12;15;24.67;0.056;18.74;8.67;5.45;<0,001;;0.171;4.331
9;Huhnerberg_50;Y;Y;6/09/2023;106;210.2;µS/cm;210.20;7.81;32.704;28.891;5.068;8.426;8.426;37.771;37.316;mg/l;;Emma;;32;0.64;0.64;0.32;0.0006;11.06;0.66;13;4;14.12;0.138;19.27;5.05;8.34;<0,001;;0.346;5.963
10;Lime_02;Y;N;6/09/2023;106;308.7;µS/cm;308.70;7.88;29.06;25.247;7.14;10.498;10.498;36.2;35.745;mg/l;;Emma;;54;1.07;1.07;0.10;0.0004;15.62;0.45;12;4;15.53;0.088;54.85;3.38;0.90;<0,001;;0.262;1.942
11;Control;Y;Y;6/09/2023;106;109.6;µS/cm;109.60;7.04;18.85;15.037;0.679;4.037;4.037;19.529;19.074;mg/l;;Emma;;12;0.23;0.23;0.18;0.0002;3.50;0.28;5;5;10.21;0.074;9.16;2.49;1.20;<0,001;;0.260;2.043
12;Huhnerberg_20;N;Y;6/09/2023;106;161.2;µS/cm;161.20;7.48;20.231;16.418;0.902;4.26;4.26;21.133;20.678;mg/l;;Emma;;16;0.32;0.32;0.08;0.0003;7.35;0.28;8;7;13.87;0.072;9.20;3.89;3.86;<0,001;;0.289;3.989
13;Eifelgold_50;Y;N;6/09/2023;106;291.2;µS/cm;291.20;7.75;29.412;25.599;5.521;8.879;8.879;34.934;34.479;mg/l;;Emma;;40;0.81;0.81;1.08;0.0004;10.02;0.75;14;17;13.11;0.129;25.71;4.81;17.38;<0,001;;0.305;5.810
14;Huhnerberg_50;Y;Y;6/09/2023;106;242.3;µS/cm;242.30;7.89;19.209;15.396;6.37;9.728;9.728;25.579;25.124;mg/l;;Emma;;41;0.82;0.82;0.08;0.0002;11.49;0.32;11;7;22.23;0.053;11.90;7.57;4.18;<0,001;;0.081;4.727
15;Bolsdorfer_50;Y;N;6/09/2023;106;276.1;µS/cm;276.10;7.66;22.619;18.806;2.58;5.938;5.938;25.199;24.744;mg/l;;Emma;;19;0.38;0.38;0.11;0.0002;17.18;0.63;7;3;19.06;0.085;18.32;4.63;12.54;<0,001;;0.164;7.855
16;Huhnerberg_30;N;Y;6/09/2023;106;130.8;µS/cm;130.80;7.41;18.769;14.956;4.362;7.72;7.72;23.13;22.675;mg/l;;Emma;;30;0.61;0.61;0.28;0.0003;1.98;0.33;12;10;12.43;0.070;7.16;3.44;3.54;<0,001;;0.085;2.910
17;Lime_02;Y;N;6/09/2023;106;255.3;µS/cm;255.30;7.46;22.317;18.504;0.339;3.697;3.697;22.656;22.201;mg/l;;Emma;;14;0.29;0.29;0.06;0.0002;16.30;0.71;12;11;23.61;0.086;14.71;6.39;2.70;<0,001;;0.184;3.718
18;Control;Y;Y;6/09/2023;106;370.2;µS/cm;370.20;7.23;28.345;24.532;-1.017;2.341;2.341;27.328;26.873;mg/l;;Emma;;7;0.14;0.14;0.18;0.0002;26.49;1.88;18;6;26.18;0.119;38.82;7.69;2.75;<0,001;;1.160;4.454
19;Huhnerberg_50;Y;Y;6/09/2023;106;110.6;µS/cm;110.60;7.93;19.531;15.718;3.189;6.547;6.547;22.719;22.264;mg/l;;Emma;;29;0.58;0.58;0.10;0.0004;1.48;0.37;7;3;9.71;0.109;5.89;3.13;4.17;<0,001;;0.182;3.316
20;Bolsdorfer_50;Y;N;6/09/2023;106;182;µS/cm;182.00;7.58;26.697;22.884;4.332;7.69;7.69;31.029;30.574;mg/l;;Emma;;40;0.80;0.80;0.11;0.0003;6.91;0.31;10;4;14.58;0.125;10.89;3.90;8.34;<0,001;;0.241;4.505
21;Eifelgold_50;Y;N;6/09/2023;106;222.6;µS/cm;222.60;7.42;20.434;16.621;1.745;5.103;5.103;22.179;21.724;mg/l;;Emma;;21;0.42;0.42;0.08;0.00001;11.99;0.38;11;10;17.55;0.090;13.06;5.22;7.16;<0,001;;0.183;6.778
1;Control;Y;Y;25/10/2023;155;337.3;µs/cm;337.30;6.82;93.347;89.621;5.135;8.275;8.275;98.482;97.896;mg/l;;Sarah;;53;1.1;1.05;0.11;0.0009;12.70;0.07;11;31;26.433;0.378;25.287;9.039;2.811;<0,001;;1.499;3.907
2;Eifelgold_50;Y;N;25/10/2023;155;188.6;µs/cm;188.60;7.08;27.251;23.525;3.484;6.624;6.624;30.734;30.148;mg/l;;Sarah;;25;0.5;0.50;0.13;0.0002;5.78;0.25;5;15;11.967;0.096;15.436;3.443;7.442;<0,001;;0.443;8.186
3;Huhnerberg_02;N;Y;25/10/2023;155;258.3;µs/cm;258.30;7.20;35.971;32.245;3.826;6.966;6.966;39.796;39.21;mg/l;;Sarah;;31;0.6;0.61;0.11;0.0002;9.96;0.27;16;15;16.964;0.156;27.120;5.435;5.744;<0,001;;0.746;3.643
4;Bolsdorfer_50;Y;N;25/10/2023;155;364;µs/cm;364.00;6.93;76.187;72.461;21.956;25.096;25.096;98.143;97.557;mg/l;;Sarah;;108;2.2;2.15;0.34;0.0000;5.80;0.01;9;29;17.269;0.173;22.473;6.141;25.658;<0,001;;0.467;7.911
5;Huhnerberg_04;N;Y;25/10/2023;155;394.3;µs/cm;394.30;6.64;117.662;113.936;7.213;10.353;10.353;124.875;124.289;mg/l;;Sarah;;48;1.0;0.96;0.45;0.0007;9.22;0.02;7;66;27.229;0.234;24.720;11.160;4.847;<0,001;;0.985;4.979
6;Lime_02;Y;N;25/10/2023;155;691.1;µs/cm;691.10;6.76;259.727;256.001;16.528;19.668;19.668;276.256;275.67;mg/l;;Sarah;;167;3.3;3.33;0.19;0.0014;18.87;0.01;13;87;54.425;0.331;52.484;19.145;9.201;<0,001;;1.500;4.565
7;Huhnerberg_08;N;Y;25/10/2023;155;247.7;µs/cm;247.70;7.01;41.056;37.33;5.449;8.589;8.589;46.505;45.919;mg/l;;Sarah;;50;1.0;1.00;0.22;0.0012;9.53;0.10;12;13;12.818;0.171;27.240;4.220;5.026;<0,001;;0.804;4.056
8;Huhnerberg_12;N;Y;25/10/2023;155;248.8;µs/cm;248.80;6.73;68.874;65.148;4.369;7.509;7.509;73.243;72.657;mg/l;;Sarah;;52;1.0;1.04;0.08;0.0000;4.95;0.02;7;35;15.175;0.284;18.840;6.795;5.554;<0,001;;0.947;5.486
9;Huhnerberg_50;Y;Y;25/10/2023;155;351.1;µs/cm;351.10;7.45;48.668;44.942;8.644;11.784;11.784;57.312;56.726;mg/l;;Sarah;;67;1.3;1.33;0.17;0.0014;16.92;0.53;20;13;24.033;0.180;16.058;11.236;11.880;<0,001;;0.506;6.182
10;Lime_02;Y;N;25/10/2023;155;557.6;µs/cm;557.60;6.68;94.887;91.161;7.03;10.17;10.17;101.917;101.331;mg/l;;Sarah;;56;1.1;1.13;0.10;0.0015;21.89;0.03;21;54;30.175;0.147;48.796;12.251;5.797;<0,001;;0.649;3.740
11;Control;Y;Y;25/10/2023;155;229;µs/cm;229.00;7.11;34.157;30.431;3.957;7.097;7.097;38.114;37.528;mg/l;;Sarah;;38;0.8;0.75;0.25;0.0019;6.18;0.17;10;20;13.822;0.128;18.775;4.171;3.205;<0,001;;0.413;3.557
12;Huhnerberg_20;N;Y;25/10/2023;155;288.5;µs/cm;288.50;6.83;42.839;39.113;6.083;9.223;9.223;48.923;48.337;mg/l;;Sarah;;40;0.8;0.80;0.17;0.0017;14.25;0.13;13;18;16.178;0.140;19.418;6.262;7.741;<0,001;;0.559;4.692
13;Eifelgold_50;Y;N;25/10/2023;155;216.9;µs/cm;216.90;7.43;30.989;27.263;7.365;10.505;10.505;38.354;37.768;mg/l;;Sarah;;51;1.0;1.02;0.18;0.0019;3.56;0.33;7;15;8.187;0.165;28.113;2.825;7.618;<0,001;;0.590;6.797
14;Huhnerberg_50;Y;Y;25/10/2023;155;394;µs/cm;394.00;6.83;69.567;65.841;10.065;13.205;13.205;79.631;79.045;mg/l;;Sarah;;72;1.4;1.44;0.28;0.0018;16.55;0.20;23;25;22.964;0.123;20.880;8.662;12.796;<0,001;;0.345;4.633
15;Bolsdorfer_50;Y;N;25/10/2023;155;415.1;µs/cm;415.10;7.34;57.28;53.554;30.17;33.31;33.31;87.45;86.864;mg/l;;Sarah;;163;3.3;3.25;0.11;0.0023;7.37;0.32;10;12;27.338;0.160;28.495;9.436;15.393;<0,001;;0.348;6.553
16;Huhnerberg_30;N;Y;25/10/2023;155;191.5;µs/cm;191.50;7.25;37.942;34.216;7.444;10.584;10.584;45.386;44.8;mg/l;;Sarah;;60;1.2;1.21;0.15;0.0020;2.27;0.71;8;8;8.426;0.153;24.644;3.262;3.815;<0,001;;0.253;3.307
17;Lime_02;Y;N;25/10/2023;155;247.7;µs/cm;247.70;6.59;82.633;78.907;7.293;10.433;10.433;89.926;89.34;mg/l;;Sarah;;61;1.2;1.22;0.10;0.0020;5.72;0.21;8;31;21.436;0.260;15.949;5.668;1.644;<0,001;;0.623;3.593
18;Control;Y;Y;25/10/2023;155;192.4;µs/cm;192.40;7.20;40.109;36.383;6.148;9.288;9.288;46.257;45.671;mg/l;;Sarah;;46;0.9;0.92;0.10;0.0022;3.08;1.16;5;12;10.375;0.267;21.655;3.911;3.695;<0,001;;0.645;3.184
19;Huhnerberg_50;Y;Y;25/10/2023;155;293.8;µs/cm;293.80;7.79;24.186;20.46;22.009;25.149;25.149;46.195;45.609;mg/l;;Sarah;;125;2.5;2.50;0.14;0.0016;1.09;0.27;5;9;14.487;0.091;20.422;9.395;8.763;<0,001;;0.122;3.792
20;Bolsdorfer_50;Y;N;25/10/2023;155;315.7;µs/cm;315.70;6.93;90.09;86.364;16.042;19.182;19.182;106.132;105.546;mg/l;;Sarah;;99;2.0;1.98;0.14;0.0017;2.85;0.07;6;28;17.727;0.223;22.505;5.865;11.978;<0,001;;0.560;5.349
21;Eifelgold_50;Y;N;25/10/2023;155;320.3;µs/cm;320.30;6.79;71.076;67.35;13.824;16.964;16.964;84.9;84.314;mg/l;;Sarah;;80;1.6;1.60;0.09;0.0021;1.68;0.02;6;41;8.799;0.397;34.811;3.156;18.840;<0,001;;0.780;10.611
1;Control;Y;Y;11/12/2023;202;95.78;µS/cm;95.78;6.73;22.012;18.285;2.054;5.366;5.366;24.066;23.651;mg/l;14/12/2023;Emma;;24;0.47;0.47;0.20;0.0004;1.06;0.234;2;5.0;15.9;0.211;18.5;5.23;3.72;0.006;;0.704;
2;Eifelgold_50;Y;N;11/12/2023;202;201;µS/cm;201.00;7.32;16.083;12.356;7.294;10.606;10.606;23.377;22.962;mg/l;14/12/2023;Emma;;43;0.86;0.86;0.06;0.0002;1.74;0.212;2;18.5;10.1;0.051;30.8;3.23;3.63;0.003;;0.220;
3;Huhnerberg_02;N;Y;11/12/2023;202;178.6;µS/cm;178.60;6.82;30.495;26.768;8.885;12.197;12.197;39.38;38.965;mg/l;14/12/2023;Emma;;58;1.16;1.16;0.09;0.0006;1.45;0.390;2;3.1;9.2;0.340;86.2;3.11;5.84;0.006;;1.112;
4;Bolsdorfer_50;Y;N;11/12/2023;202;175.9;µS/cm;175.90;6.81;21.49;17.763;10.635;13.947;13.947;32.125;31.71;mg/l;14/12/2023;Emma;;63;1.25;1.25;0.49;0.0003;1.68;0.129;2;5.8;27.8;0.140;22.7;10.68;15.00;0.007;;0.578;
5;Huhnerberg_04;N;Y;11/12/2023;202;137.2;µS/cm;137.20;7.35;19.923;16.196;2.35;5.662;5.662;22.273;21.858;mg/l;14/12/2023;Emma;;22;0.44;0.44;0.09;0.0003;3.33;0.369;4;11.1;8.3;0.080;16.4;3.21;2.03;0.003;;0.256;
6;Lime_02;Y;N;11/12/2023;202;243;µS/cm;243.00;6.97;26.04;22.313;3.358;6.67;6.67;29.398;28.983;mg/l;14/12/2023;Emma;;29;0.58;0.58;1.59;0.0002;10.53;0.222;6;16.2;25.1;0.233;67.7;7.69;5.06;0.006;;0.582;
7;Huhnerberg_08;N;Y;11/12/2023;202;92.45;µS/cm;92.45;6.76;18.438;14.711;2.094;5.406;5.406;20.532;20.117;mg/l;14/12/2023;Emma;;25;0.50;0.50;0.11;0.0001;1.49;0.260;4;1.5;11.2;0.174;22.7;4.51;4.92;0.007;;0.602;
8;Huhnerberg_12;N;Y;11/12/2023;202;104.6;µS/cm;104.60;6.91;16.96;13.233;1.933;5.245;5.245;18.894;18.479;mg/l;14/12/2023;Emma;;27;0.53;0.53;0.13;0.0001;1.96;0.272;2;6.1;7.2;0.086;9.5;3.06;2.42;0.004;;0.238;
9;Huhnerberg_50;Y;Y;11/12/2023;202;172.9;µS/cm;172.90;7.55;14.111;10.384;10.912;14.224;14.224;25.023;24.608;mg/l;14/12/2023;Emma;;58;1.15;1.15;0.11;0.0001;2.02;0.415;2;7.7;9.0;0.053;23.8;4.46;3.22;0.007;;0.123;
10;Lime_02;Y;N;11/12/2023;202;132.8;µS/cm;132.80;6.98;19.054;15.327;6.241;9.553;9.553;25.295;24.88;mg/l;14/12/2023;Emma;;44;0.87;0.87;0.17;0.0001;1.50;0.295;4;3.7;18.2;0.144;33.9;4.87;4.76;0.006;;0.389;
11;Control;Y;Y;11/12/2023;202;97.35;µS/cm;97.35;7.40;20.03;16.303;2.61;5.922;5.922;22.64;22.225;mg/l;14/12/2023;Emma;;25;0.50;0.50;0.10;0.0001;1.97;0.252;2;1.5;7.1;0.102;12.4;2.19;1.26;0.006;;0.375;
12;Huhnerberg_20;N;Y;11/12/2023;202;99.45;µS/cm;99.45;7.44;20.728;17.001;2.669;5.981;5.981;23.397;22.982;mg/l;14/12/2023;Emma;;25;0.49;0.49;0.10;0.0001;1.71;0.305;2;3.2;6.3;0.104;12.0;2.49;2.36;0.004;;0.396;
13;Eifelgold_50;Y;N;11/12/2023;202;97.22;µS/cm;97.22;6.68;17.509;13.782;2.251;5.563;5.563;19.76;19.345;mg/l;14/12/2023;Emma;;23;0.46;0.46;0.10;0.0001;1.27;0.585;4;3.5;4.4;0.095;13.4;1.53;4.12;0.003;;0.310;
14;Huhnerberg_50;Y;Y;11/12/2023;202;186.6;µS/cm;186.60;7.63;17.524;13.797;10.754;14.066;14.066;28.278;27.863;mg/l;14/12/2023;Emma;;60;1.20;1.20;0.56;0.0001;1.58;0.344;4;8.7;14.0;0.255;15.5;5.66;4.26;0.008;;0.135;
15;Bolsdorfer_50;Y;N;11/12/2023;202;165.5;µS/cm;165.50;7.37;20.408;16.681;9.834;13.146;13.146;30.242;29.827;mg/l;14/12/2023;Emma;;59;1.17;1.17;0.21;0.0001;1.13;0.448;4;6.6;26.8;0.210;30.0;10.54;6.97;0.007;;0.352;
16;Huhnerberg_30;N;Y;11/12/2023;202;132.3;µS/cm;132.30;7.59;12.678;8.951;6.449;9.761;9.761;19.127;18.712;mg/l;14/12/2023;Emma;;41;0.81;0.81;0.06;0.0002;1.42;0.758;2;3.0;7.7;0.067;17.9;3.29;2.11;0.004;;0.097;
17;Lime_02;Y;N;11/12/2023;202;222.3;µS/cm;222.30;7.03;22.741;19.014;10.608;13.92;13.92;33.349;32.934;mg/l;14/12/2023;Emma;;63;1.26;1.26;0.28;0.0002;1.56;0.522;4;18.3;31.2;0.241;59.9;7.89;4.33;0.008;;0.343;
18;Control;Y;Y;11/12/2023;202;136.1;µS/cm;136.10;6.81;17.642;13.915;2.996;6.308;6.308;20.638;20.223;mg/l;14/12/2023;Emma;;37;0.74;0.74;0.20;0.0001;2.48;1.670;4;5.9;11.0;0.234;46.3;4.26;3.43;0.005;;0.380;
19;Huhnerberg_50;Y;Y;11/12/2023;202;147;µS/cm;147.00;7.21;11.208;7.481;5.29;8.602;8.602;16.498;16.083;mg/l;14/12/2023;Emma;;47;0.93;0.93;0.06;0.0003;0.68;0.366;4;8.8;7.5;0.134;55.6;3.70;5.53;0.007;;0.160;
20;Bolsdorfer_50;Y;N;11/12/2023;202;129.6;µS/cm;129.60;7.54;14.555;10.828;5.656;8.968;8.968;20.21;19.795;mg/l;14/12/2023;Emma;;43;0.86;0.86;0.06;0.0001;0.72;0.248;2;5.9;7.5;0.106;15.7;2.70;4.02;0.003;;0.187;
21;Eifelgold_50;Y;N;11/12/2023;202;165.2;µS/cm;165.20;7.20;18.784;15.057;5.155;8.467;8.467;23.939;23.524;mg/l;14/12/2023;Emma;;43;0.86;0.86;0.15;0.0004;1.00;0.266;2;15.8;21.9;0.332;30.2;7.31;12.02;0.008;;0.513;
1;Control;Y;Y;27/02/2024;280;678.5;µS/cm;678.50;7.10;10.657;7.092;-0.231;2.952;2.952;10.426;10.044;mg/l;;;;20;0.40;0.40;0.202;0.0001;1.27;0.31;1.9;1.4;4.126;0.047;7.325;1.138;1.508;0.000;;0.240;
2;Eifelgold_50;Y;N;27/02/2024;280;225.7;µS/cm;225.70;7.38;13.135;9.57;3.829;7.012;7.012;16.964;16.582;mg/l;;;;45;0.91;0.91;0.085;0.0001;2.64;0.34;1.4;2.3;6.054;0.056;16.686;2.071;2.897;0.001;;0.254;
3;Huhnerberg_02;N;Y;27/02/2024;280;176.8;µS/cm;176.80;7.54;20.246;16.681;4.5;7.683;7.683;24.747;24.365;mg/l;;;;54;1.08;1.08;0.107;0.0003;3.55;0.36;1.9;1.7;3.207;0.144;31.807;0.923;1.805;0.005;;0.409;
4;Bolsdorfer_50;Y;N;27/02/2024;280;116.8;µS/cm;116.80;7.09;14.029;10.464;3.28;6.463;6.463;17.309;16.927;mg/l;;;;41;0.82;0.82;0.069;0.0001;2.24;0.24;1.6;1.8;4.198;0.074;16.432;1.512;3.303;0.002;;0.217;
5;Huhnerberg_04;N;Y;27/02/2024;280;88.53;µS/cm;88.53;7.20;11.442;7.877;1.591;4.774;4.774;13.033;12.651;mg/l;;;;31;0.62;0.62;0.070;0.0003;1.54;0.39;1.0;1.5;4.043;0.047;10.019;1.511;0.927;0.001;;0.196;
6;Lime_02;Y;N;27/02/2024;280;170.9;µS/cm;170.90;7.19;14.542;10.977;8.921;12.104;12.104;23.463;23.081;mg/l;;;;66;1.31;1.31;0.123;0.0005;1.70;0.22;1.0;1.7;8.600;0.091;23.685;2.046;0.981;0.001;;0.174;
7;Huhnerberg_08;N;Y;27/02/2024;280;90.91;µS/cm;90.91;7.36;12.562;8.997;1.235;4.418;4.418;13.796;13.414;mg/l;;;;26;0.51;0.51;0.026;0.0003;1.92;0.27;1.6;1.0;3.869;0.063;12.068;1.473;1.076;0.001;;0.266;
8;Huhnerberg_12;N;Y;27/02/2024;280;83.1;µS/cm;83.10;7.32;10.157;6.592;1.701;4.884;4.884;11.858;11.476;mg/l;;;;28;0.56;0.56;0.043;0.0002;1.13;0.31;1.4;0.7;4.565;0.044;7.930;2.223;1.368;0.002;;0.147;
9;Huhnerberg_50;Y;Y;27/02/2024;280;94.31;µS/cm;94.31;7.41;7.938;4.373;6.872;10.055;10.055;14.811;14.429;mg/l;;;;31;0.62;0.62;0.091;0.0001;1.12;0.50;1.7;1.2;4.503;0.029;9.564;2.256;1.330;0.002;;0.084;
10;Lime_02;Y;N;27/02/2024;280;128.6;µS/cm;128.60;7.42;10.324;6.759;4.869;8.052;8.052;15.193;14.811;mg/l;;;;40;0.79;0.79;0.121;0.0002;2.11;0.30;2.0;1.5;9.167;0.038;17.846;2.504;1.669;0.000;;0.118;
11;Control;Y;Y;27/02/2024;280;89.65;µS/cm;89.65;7.98;13.578;10.013;1.11;4.293;4.293;14.688;14.306;mg/l;;;;25;0.50;0.50;0.131;0.0001;1.90;0.27;2.0;1.5;5.327;0.059;7.298;1.605;1.040;0.002;;0.247;
12;Huhnerberg_20;N;Y;27/02/2024;280;142.6;µS/cm;142.60;7.29;25.123;21.558;4.904;8.087;8.087;30.028;29.646;mg/l;;;;54;1.07;1.07;0.130;0.0002;2.71;0.30;2.0;1.5;8.243;0.125;12.838;3.465;1.772;0.005;;0.435;
13;Eifelgold_50;Y;N;27/02/2024;280;103.5;µS/cm;103.50;7.68;10.383;6.818;2.52;5.703;5.703;12.902;12.52;mg/l;;;;31;0.63;0.63;0.091;0.0001;1.09;0.53;2.0;1.5;2.657;0.042;14.381;1.068;1.907;0.002;;0.129;
14;Huhnerberg_50;Y;Y;27/02/2024;280;249.4;µS/cm;249.40;7.89;20.611;17.046;15.753;18.936;18.936;36.364;35.982;mg/l;;;;107;2.15;2.15;0.106;0.0004;1.68;0.31;2.0;1.5;9.169;0.104;32.154;3.861;2.020;0.005;;0.185;
15;Bolsdorfer_50;Y;N;27/02/2024;280;156.3;µS/cm;156.30;7.87;14.553;10.988;5.037;8.22;8.22;19.59;19.208;mg/l;;;;52;1.05;1.05;0.124;0.0002;3.53;0.26;2.0;1.5;5.693;0.072;14.311;1.723;2.836;0.001;;0.126;
16;Huhnerberg_30;N;Y;27/02/2024;280;120.8;µS/cm;120.80;7.45;9.822;6.257;4.465;7.648;7.648;14.287;13.905;mg/l;;;;47;0.94;0.94;0.104;0.0003;0.99;0.47;2.0;1.5;4.939;0.033;10.547;1.660;1.020;0.003;;0.045;
17;Lime_02;Y;N;27/02/2024;280;181.5;µS/cm;181.50;7.63;12.633;9.068;9.206;12.389;12.389;21.839;21.457;mg/l;;;;72;1.44;1.44;0.171;0.0004;3.12;0.57;2.0;1.5;8.677;0.056;25.548;2.119;1.041;0.001;;0.082;
18;Control;Y;Y;27/02/2024;280;80.72;µS/cm;80.72;7.14;11.072;7.507;-0.259;2.924;2.924;10.814;10.432;mg/l;;;;26;0.51;0.51;0.093;0.0001;1.40;2.09;2.0;1.5;3.723;0.064;9.464;1.266;1.005;0.002;;0.163;
19;Huhnerberg_50;Y;Y;27/02/2024;280;156.3;µS/cm;156.30;7.61;10.456;6.891;9.605;12.788;12.788;20.061;19.679;mg/l;;;;75;1.49;1.49;0.047;0.0001;1.54;0.30;2.0;1.5;11.505;0.059;7.344;6.107;2.241;0.004;;0.079;
20;Bolsdorfer_50;Y;N;27/02/2024;280;161.1;µS/cm;161.10;7.30;13.368;9.803;5.552;8.735;8.735;18.92;18.538;mg/l;;;;55;1.10;1.10;0.147;0.0001;4.36;0.46;2.0;1.5;4.722;0.068;20.159;1.748;3.701;0.001;;0.142;
21;Eifelgold_50;Y;N;27/02/2024;280;118.9;µS/cm;118.90;6.78;18.749;15.184;1.199;4.382;4.382;19.949;19.567;mg/l;;;;28;0.57;0.57;0.056;0.0001;4.66;0.52;2.0;1.5;6.028;0.105;9.191;2.279;1.981;0.001;;0.230;
1;Control;Y;Y;22/07/2024;426;201.8;µS/cm;201.80;7.52;21.399;22.567;4.418;4.418;4.418;16.981;18.149;mg/l;25/07/2024;Emma;;32.1;0.642;0.64;0.547;0.0008;9.116;0.430;13.5;4.7;13.88;0.085;17.56;3.17;2.77;0.003;;0.278;
2;Eifelgold_50;Y;N;22/07/2024;426;285.3;µS/cm;285.30;7.42;21.468;22.636;4.249;4.249;4.249;17.219;18.387;mg/l;25/07/2024;Emma;;29.6;0.592;0.59;0.378;0.0009;19.516;0.490;15.0;4.8;21.53;0.064;19.67;6.24;4.68;0.003;;0.234;
3;Huhnerberg_02;N;Y;22/07/2024;426;307.2;µS/cm;307.20;7.46;69.789;70.957;8.91;8.91;8.91;60.879;62.047;mg/l;25/07/2024;Emma;;72.1;1.442;1.44;0.476;0.0011;9.015;0.600;28.8;5.9;11.96;0.384;48.20;3.17;8.18;0.009;;0.754;
4;Bolsdorfer_50;Y;N;22/07/2024;426;288.1;µS/cm;288.10;7.13;24.343;25.511;3.899;3.899;3.899;20.444;21.612;mg/l;25/07/2024;Emma;;30.8;0.616;0.62;0.335;0.0022;19.216;0.540;16.9;6.4;14.93;0.089;26.24;4.53;9.71;0.003;;0.348;
5;Huhnerberg_04;N;Y;22/07/2024;426;221.8;µS/cm;221.80;7.51;21.117;22.285;2.972;2.972;2.972;18.145;19.313;mg/l;25/07/2024;Emma;;29.4;0.588;0.59;0.257;0.0015;12.982;0.400;14.7;4.9;18.80;0.116;12.90;5.52;3.25;0.005;;0.283;
6;Lime_02;Y;N;22/07/2024;426;247.3;µS/cm;247.30;7.42;29.78;30.948;3.484;3.484;3.484;26.296;27.464;mg/l;25/07/2024;Emma;;32.6;0.652;0.65;0.263;0.0021;13.003;0.950;17.9;6.1;15.58;0.120;25.20;4.44;4.60;0.006;;0.333;
7;Huhnerberg_08;N;Y;22/07/2024;426;493.3;µS/cm;493.30;7.06;21.959;23.127;0.431;0.431;0.431;21.527;22.695;mg/l;25/07/2024;Emma;;16.6;0.332;0.33;0.292;0.0016;17.004;0.340;17.2;5.3;19.89;0.102;15.31;5.67;3.11;0.004;;0.414;
8;Huhnerberg_12;N;Y;22/07/2024;426;220.2;µS/cm;220.20;7.2;23.65;24.818;3.483;3.483;3.483;20.167;21.335;mg/l;25/07/2024;Emma;;33.1;0.662;0.66;0.343;0.0016;12.673;0.440;14.6;1.5;15.24;0.098;19.39;4.50;3.05;0.003;;0.307;
9;Huhnerberg_50;Y;Y;22/07/2024;426;239;µS/cm;239.00;7.08;18.116;19.284;3.544;3.544;3.544;14.572;15.74;mg/l;25/07/2024;Emma;;15.8;0.316;0.32;0.340;0.0021;17.964;0.940;12.1;4.4;18.16;0.073;16.26;5.24;1.69;0.004;;0.271;
10;Lime_02;Y;N;22/07/2024;426;178;µS/cm;178.00;7.45;20.987;22.155;6.94;6.94;6.94;14.048;15.216;mg/l;25/07/2024;Emma;;38.4;0.768;0.77;0.371;0.0010;7.348;0.470;10.0;3.2;14.55;0.077;15.51;3.49;1.71;0.003;;0.423;
11;Control;Y;Y;22/07/2024;426;167.4;µS/cm;167.40;7.21;22.729;23.897;4.202;4.202;4.202;18.527;19.695;mg/l;25/07/2024;Emma;;30.1;0.602;0.60;0.213;0.0013;7.471;0.380;11.5;3.4;13.53;0.093;13.67;3.29;1.63;0.003;;0.314;
12;Huhnerberg_20;N;Y;22/07/2024;426;327.6;µS/cm;327.60;7.28;31.841;33.009;8.266;8.266;8.266;23.575;24.743;mg/l;25/07/2024;Emma;;51.8;1.036;1.04;0.450;0.0011;19.212;0.590;15.6;3.8;12.78;0.125;44.68;3.97;6.50;0.008;;0.385;
13;Eifelgold_50;Y;N;22/07/2024;426;290.7;µS/cm;290.70;7;16.299;17.467;0.538;0.538;0.538;15.761;16.929;mg/l;25/07/2024;Emma;;14.4;0.288;0.29;0.171;0.0009;23.253;0.800;14.5;4.1;18.87;0.075;25.28;5.94;2.56;0.003;;0.287;
14;Huhnerberg_50;Y;Y;22/07/2024;426;250.7;µS/cm;250.70;7.49;21.251;22.419;6.172;6.172;6.172;15.079;16.247;mg/l;25/07/2024;Emma;;45.2;0.904;0.90;0.434;0.0007;12.499;0.400;18.5;4.3;24.12;0.079;13.53;5.26;3.23;0.003;;0.125;
15;Bolsdorfer_50;Y;N;22/07/2024;426;299.1;µS/cm;299.10;7.34;24.15;25.318;3.313;3.313;3.313;20.837;22.005;mg/l;25/07/2024;Emma;;28.7;0.574;0.57;0.381;0.0002;20.171;0.700;18.3;3.7;17.73;0.117;33.62;3.92;3.90;0.004;;0.261;
16;Huhnerberg_30;N;Y;22/07/2024;426;205;µS/cm;205.00;7.3;17.228;18.396;5.151;5.151;5.151;12.077;13.245;mg/l;25/07/2024;Emma;;27.2;0.544;0.54;1.389;0.0005;10.015;1.030;13.0;1.5;13.49;0.077;16.93;4.29;2.18;0.004;;0.136;
17;Lime_02;Y;N;22/07/2024;426;188.1;µS/cm;188.10;7.48;21.389;22.557;4.132;4.132;4.132;17.258;18.426;mg/l;25/07/2024;Emma;;24.4;0.488;0.49;0.334;0.0006;8.717;1.210;13.7;3.5;13.35;0.115;17.38;3.31;1.83;0.004;;0.236;
18;Control;Y;Y;22/07/2024;426;135.2;µS/cm;135.20;7.24;20.384;21.552;1.346;1.346;1.346;19.039;20.207;mg/l;25/07/2024;Emma;;28.0;0.560;0.56;0.367;0.0006;5.251;2.480;12.2;3.1;10.48;0.156;12.67;2.66;1.81;0.005;;0.321;
19;Huhnerberg_50;Y;Y;22/07/2024;426;201.2;µS/cm;201.20;7;16.67;17.838;3.216;3.216;3.216;13.454;14.622;mg/l;25/07/2024;Emma;;21.6;0.432;0.43;0.059;0.0006;12.506;0.910;12.7;3.8;10.14;0.108;23.36;2.57;2.22;0.003;;0.263;
20;Bolsdorfer_50;Y;N;22/07/2024;426;224;µS/cm;224.00;7.11;20.634;21.802;2.656;2.656;2.656;17.978;19.146;mg/l;25/07/2024;Emma;;20.7;0.414;0.41;0.041;0.0007;12.506;0.680;17.2;3.0;11.26;0.162;26.81;2.82;2.63;0.003;;0.344;
21;Eifelgold_50;Y;N;22/07/2024;426;265.9;µS/cm;265.90;7.19;25.742;26.91;2.655;2.655;2.655;23.088;24.256;mg/l;25/07/2024;Emma;;30.2;0.604;0.60;0.478;0.0002;13.898;0.550;22.9;6.5;16.89;0.131;24.40;4.68;5.38;0.005;;0.292;
1;Control;Y;Y;19/08/2024;454;193.8;µS/cm;193.80;7.33;31.149;28.641;0.063;3.574;3.574;31.212;32.216;mg/l;29/08/2024;Lucilla;DIC measured on 18/10/2024;22.6;0.5;0.45;0.156;0.0005;8.69;0.36;29.7;3.8;16.54;0.141;13.57;4.222;3.465;0.004;;0.481;
2;Eifelgold_50;Y;N;19/08/2024;454;122.1;µS/cm;122.10;7.54;27.458;24.95;3.49;7.001;7.001;30.948;31.952;mg/l;29/08/2024;Lucilla;DIC measured on 18/10/2024;37.2;0.7;0.74;0.159;0.0005;1.80;0.56;16.2;1.5;11.79;0.094;7.920;3.288;4.648;0.003;;0.333;
3;Huhnerberg_02;N;Y;19/08/2024;454;224.8;µS/cm;224.80;7.33;60.442;57.934;2.979;6.49;6.49;63.421;64.425;mg/l;29/08/2024;Lucilla;DIC measured on 18/10/2024;47.3;0.9;0.95;0.241;0.0013;5.63;0.47;38.3;5.7;13.64;0.362;31.40;3.598;6.818;0.006;;0.783;
4;Bolsdorfer_50;Y;N;19/08/2024;454;234.7;µS/cm;234.70;7.26;20.892;18.384;1.231;4.742;4.742;22.123;23.127;mg/l;29/08/2024;Lucilla;DIC measured on 18/10/2024;25.6;0.5;0.51;0.145;0.00001;14.14;0.43;22.3;4.1;14.36;0.096;21.05;4.411;8.603;0.003;;0.318;
5;Huhnerberg_04;N;Y;19/08/2024;454;150.5;µS/cm;150.50;7.19;25.802;23.294;-0.51;3.001;3.001;25.292;26.296;mg/l;29/08/2024;Lucilla;DIC measured on 18/10/2024;23.7;0.5;0.47;0.113;0.0010;7.24;0.79;20.7;1.5;14.50;0.102;8.658;4.894;2.193;0.003;;0.356;
6;Lime_02;Y;N;19/08/2024;454;260.1;µS/cm;260.10;7.19;26.641;24.133;2.131;5.642;5.642;28.772;29.776;mg/l;29/08/2024;Lucilla;DIC measured on 18/10/2024;31.7;0.6;0.63;0.105;0.0006;14.08;0.74;23.3;7.5;19.85;0.073;20.50;5.648;6.299;0.004;;0.187;
7;Huhnerberg_08;N;Y;19/08/2024;454;167.3;µS/cm;167.30;6.92;21.96;19.452;0.915;4.426;4.426;22.875;23.879;mg/l;29/08/2024;Lucilla;DIC measured on 18/10/2024;25.8;0.5;0.52;0.151;0.0012;8.49;0.26;18.9;1.5;15.65;0.089;10.32;4.144;2.307;0.004;;0.307;
8;Huhnerberg_12;N;Y;19/08/2024;454;171.9;µS/cm;171.90;7.1;24.669;22.161;1.873;5.384;5.384;26.542;27.546;mg/l;29/08/2024;Lucilla;DIC measured on 18/10/2024;34.1;0.7;0.68;0.162;0.0009;7.62;0.47;20.1;1.5;13.60;0.122;16.28;3.857;2.799;0.005;;0.321;
9;Huhnerberg_50;Y;Y;19/08/2024;454;141.6;µS/cm;141.60;7;14.813;12.305;5.525;9.036;9.036;20.338;21.342;mg/l;29/08/2024;Lucilla;DIC measured on 18/10/2024;31.0;0.6;0.62;0.258;0.0006;7.29;0.70;11.2;1.5;12.27;0.070;10.21;3.567;1.960;0.002;;0.244;
10;Lime_02;Y;N;19/08/2024;454;167.2;µS/cm;167.20;7.14;17.272;14.764;2.466;5.977;5.977;19.738;20.742;mg/l;29/08/2024;Lucilla;DIC measured on 18/10/2024;31.1;0.6;0.62;0.155;0.0013;8.95;0.38;13.9;1.5;15.47;0.066;11.79;4.087;1.621;0.003;;0.229;
11;Control;Y;Y;19/08/2024;454;230.6;µS/cm;230.60;7.05;25.635;23.127;1.173;4.684;4.684;26.808;27.812;mg/l;29/08/2024;Lucilla;DIC measured on 18/10/2024;29.2;0.6;0.58;0.131;0.00001;14.13;0.29;23.6;1.5;21.53;0.097;15.37;6.000;2.103;0.004;;0.270;
12;Huhnerberg_20;N;Y;19/08/2024;454;209.4;µS/cm;209.40;6.96;45.298;42.79;5.046;8.557;8.557;50.344;51.348;mg/l;29/08/2024;Lucilla;DIC measured on 18/10/2024;49.7;1.0;0.99;0.199;0.0008;7.66;0.50;27.1;1.5;13.80;0.232;25.06;4.234;5.141;0.009;;0.531;
13;Eifelgold_50;Y;N;19/08/2024;454;183.2;µS/cm;183.20;7.02;20.546;18.038;2.142;5.653;5.653;22.688;23.692;mg/l;29/08/2024;Lucilla;DIC measured on 18/10/2024;28.9;0.6;0.58;0.297;0.0004;10.66;0.66;14.8;1.5;11.35;0.113;21.01;3.470;2.541;0.003;;0.301;
14;Huhnerberg_50;Y;Y;19/08/2024;454;231.8;µS/cm;231.80;7.18;23.076;20.568;2.789;6.3;6.3;25.865;26.869;mg/l;29/08/2024;Lucilla;DIC measured on 18/10/2024;36.2;0.7;0.72;0.208;0.0005;9.93;0.35;32.8;5.7;25.52;0.094;10.42;6.447;3.614;0.003;;0.134;
15;Bolsdorfer_50;Y;N;19/08/2024;454;186.6;µS/cm;186.60;5.59;27.844;25.336;1.736;5.247;5.247;29.58;30.584;mg/l;29/08/2024;Lucilla;DIC measured on 18/10/2024;35.4;0.7;0.71;0.127;0.0008;8.27;0.61;21.1;1.5;14.03;0.161;19.94;3.171;4.485;0.004;;0.281;
16;Huhnerberg_30;N;Y;19/08/2024;454;151.6;µS/cm;151.60;7.37;13.477;10.969;5.736;9.247;9.247;19.213;20.217;mg/l;29/08/2024;Lucilla;DIC measured on 18/10/2024;44.4;0.9;0.89;0.129;0.0008;5.57;0.81;11.2;1.5;15.21;0.080;11.01;3.995;1.929;0.004;;0.101;
17;Lime_02;Y;N;19/08/2024;454;101.9;µS/cm;101.90;7.17;19.135;16.627;0.132;3.643;3.643;19.266;20.27;mg/l;29/08/2024;Lucilla;DIC measured on 18/10/2024;23.4;0.5;0.47;0.091;0.00001;3.10;0.96;14.6;1.5;11.09;0.152;5.815;2.884;1.591;0.004;;0.228;
18;Control;Y;Y;19/08/2024;454;171.5;µS/cm;171.50;6.95;18.311;15.803;-0.159;3.352;3.352;18.152;19.156;mg/l;29/08/2024;Lucilla;DIC measured on 18/10/2024;24.1;0.5;0.48;0.131;0.0005;10.17;2.19;16.1;1.5;15.48;0.106;10.86;5.076;1.378;0.003;;0.188;
19;Huhnerberg_50;Y;Y;19/08/2024;454;204.3;µS/cm;204.30;6.68;18.634;16.126;2.335;5.846;5.846;20.97;21.974;mg/l;29/08/2024;Lucilla;DIC measured on 18/10/2024;28.9;0.6;0.58;0.485;0.0003;11.69;0.70;18.1;3.6;12.50;0.130;21.83;4.483;2.594;0.003;;0.231;
20;Bolsdorfer_50;Y;N;19/08/2024;454;157.1;µS/cm;157.10;6.97;20.227;17.719;0.448;3.959;3.959;20.675;21.679;mg/l;29/08/2024;Lucilla;DIC measured on 18/10/2024;21.5;0.4;0.43;0.157;0.0003;6.84;0.57;18.9;4.8;11.56;0.148;14.87;3.263;2.392;0.003;;0.275;
21;Eifelgold_50;Y;N;19/08/2024;454;156.3;µS/cm;156.30;7.11;31.046;28.538;1.364;4.875;4.875;32.41;33.414;mg/l;29/08/2024;Lucilla;DIC measured on 18/10/2024;30.0;0.6;0.60;0.162;0.0002;4.31;0.56;25.3;3.1;13.07;0.203;14.14;3.569;4.187;0.005;;0.339;
1;Control;Y;Y;23/09/2024;489;184.6;µS/cm;184.60;5.75;12.934;10.426;-1.128;2.383;2.383;11.806;12.81;mg/l;27/09/2024;Lucilla;DIC measured on 18/10/2024;20.2;0.4;0.4;0.061;0.0003;8.23;0.32;12.6;3.8;13.33;0.069;8.47;3.653;2.163;0.002;;0.277;
2;Eifelgold_50;Y;N;23/09/2024;489;126.9;µS/cm;126.90;7.05;20.76;18.252;0.911;4.422;4.422;21.671;22.675;mg/l;27/09/2024;Lucilla;DIC measured on 18/10/2024;21.6;0.4;0.4;0.082;0.0002;3.51;0.50;18.8;3.0;13.18;0.089;8.389;3.474;4.132;0.003;;0.320;
3;Huhnerberg_02;N;Y;23/09/2024;489;204.7;µS/cm;204.70;7.02;17.799;15.291;0.05;3.561;3.561;17.849;18.853;mg/l;27/09/2024;Lucilla;DIC measured on 18/10/2024;14.9;0.3;0.3;0.115;0.0001;9.76;0.26;21.4;9.1;19.33;0.079;15.73;5.643;3.676;0.003;;0.270;
4;Bolsdorfer_50;Y;N;23/09/2024;489;223.7;µS/cm;223.70;7.26;20.869;18.361;0.306;3.817;3.817;21.175;22.179;mg/l;27/09/2024;Lucilla;DIC measured on 18/10/2024;16.9;0.3;0.3;0.109;0.0001;11.10;0.48;30.2;3.0;12.63;0.098;24.19;3.379;10.836;0.003;;0.337;
5;Huhnerberg_04;N;Y;23/09/2024;489;140;µS/cm;140.00;7.43;12.211;9.703;-0.132;3.379;3.379;12.079;13.083;mg/l;27/09/2024;Lucilla;DIC measured on 18/10/2024;11.8;0.2;0.2;0.043;0.0001;7.86;0.39;11.9;1.5;12.35;0.070;11.659;3.659;1.843;0.003;;0.212;
6;Lime_02;Y;N;23/09/2024;489;298.4;µS/cm;298.40;7.17;19.51;17.002;-0.654;2.857;2.857;18.855;19.859;mg/l;27/09/2024;Lucilla;DIC measured on 18/10/2024;10.6;0.2;0.2;0.096;0.0002;23.91;0.66;26.4;5.0;23.46;0.071;24.97;8.457;3.420;0.004;;0.206;
7;Huhnerberg_08;N;Y;23/09/2024;489;213;µS/cm;213.00;6.81;14.974;12.466;0.044;3.555;3.555;15.018;16.022;mg/l;27/09/2024;Lucilla;DIC measured on 18/10/2024;11.2;0.2;0.2;0.183;0.0001;14.92;0.28;16.5;3.0;18.84;0.070;16.43;5.755;1.859;0.002;;0.258;
8;Huhnerberg_12;N;Y;23/09/2024;489;178.3;µS/cm;178.30;7.11;17.924;15.416;-0.324;3.187;3.187;17.6;18.604;mg/l;27/09/2024;Lucilla;DIC measured on 18/10/2024;12.0;0.2;0.2;0.124;0.0001;10.73;0.40;16.9;1.5;13.50;0.113;18.72;4.223;2.672;0.003;;0.315;
9;Huhnerberg_50;Y;Y;23/09/2024;489;204.2;µS/cm;204.20;6.76;16.363;13.855;-0.706;2.805;2.805;15.658;16.662;mg/l;27/09/2024;Lucilla;DIC measured on 18/10/2024;11.2;0.2;0.2;0.148;0.0001;14.50;0.62;14.9;3.8;17.13;0.091;17.86;5.047;2.612;0.004;;0.311;
10;Lime_02;Y;N;23/09/2024;489;135.4;µS/cm;135.40;7.36;15.855;13.347;2.296;5.807;5.807;18.15;19.154;mg/l;27/09/2024;Lucilla;DIC measured on 18/10/2024;23.5;0.5;0.5;0.107;0.0001;5.63;0.42;13.4;1.5;13.44;0.062;11.80;3.377;1.977;0.003;;0.216;
11;Control;Y;Y;23/09/2024;489;171.9;µS/cm;171.90;7.17;16.806;14.298;1.196;4.707;4.707;18.001;19.005;mg/l;27/09/2024;Lucilla;DIC measured on 18/10/2024;21.6;0.4;0.4;0.098;0.0001;10.12;0.32;14.7;1.5;15.80;0.085;14.61;4.506;1.908;0.004;;0.230;
12;Huhnerberg_20;N;Y;23/09/2024;489;179.1;µS/cm;179.10;7.05;19.074;16.566;0.096;3.607;3.607;19.17;20.174;mg/l;27/09/2024;Lucilla;DIC measured on 18/10/2024;21.3;0.4;0.4;0.083;0.0001;9.58;0.48;18.3;6.0;14.52;0.097;17.22;4.598;2.465;0.004;;0.322;
13;Eifelgold_50;Y;N;23/09/2024;489;168.2;µS/cm;168.20;7.18;20.987;18.479;0.78;4.291;4.291;21.767;22.771;mg/l;27/09/2024;Lucilla;DIC measured on 18/10/2024;25.7;0.5;0.5;0.289;0.0003;7.98;0.73;18.3;1.5;8.94;0.127;24.20;2.973;4.425;0.003;;0.341;
14;Huhnerberg_50;Y;Y;23/09/2024;489;246.2;µS/cm;246.20;7.37;24.089;21.581;2.297;5.808;5.808;26.386;27.39;mg/l;27/09/2024;Lucilla;DIC measured on 18/10/2024;34.3;0.7;0.7;0.094;0.0001;10.99;0.50;34.3;3.9;20.11;0.097;23.80;5.813;5.031;0.006;;0.194;
15;Bolsdorfer_50;Y;N;23/09/2024;489;200;µS/cm;200.00;7.14;19.054;16.546;0.64;4.151;4.151;19.693;20.697;mg/l;27/09/2024;Lucilla;DIC measured on 18/10/2024;26.4;0.5;0.5;0.066;0.0003;8.57;0.50;27.6;7.8;18.84;0.099;11.45;4.640;7.021;0.005;;0.197;
16;Huhnerberg_30;N;Y;23/09/2024;489;118.6;µS/cm;118.60;6.78;10.894;8.386;3.753;7.264;7.264;14.647;15.651;mg/l;27/09/2024;Lucilla;DIC measured on 18/10/2024;36.5;0.7;0.7;0.085;0.0004;3.19;0.79;9.6;1.5;13.46;0.066;8.02;3.145;1.141;0.002;;0.095;
17;Lime_02;Y;N;23/09/2024;489;112.9;µS/cm;112.90;7.18;15.146;12.638;0.438;3.949;3.949;15.584;16.588;mg/l;27/09/2024;Lucilla;DIC measured on 18/10/2024;24.8;0.5;0.5;0.122;0.0001;4.59;1.13;13.0;1.5;12.29;0.124;7.137;3.235;1.187;0.004;;0.214;
18;Control;Y;Y;23/09/2024;489;143.5;µS/cm;143.50;7.28;16.212;13.704;0.295;3.806;3.806;16.507;17.511;mg/l;27/09/2024;Lucilla;DIC measured on 18/10/2024;27.4;0.5;0.5;0.136;0.0001;7.28;1.44;13.9;3.3;12.63;0.110;14.17;3.374;1.513;0.005;;0.189;
19;Huhnerberg_50;Y;Y;23/09/2024;489;175.8;µS/cm;175.80;7;15.777;13.269;0.603;4.114;4.114;16.38;17.384;mg/l;27/09/2024;Lucilla;DIC measured on 18/10/2024;27.5;0.6;0.6;0.431;0.0001;9.85;0.71;16.9;3.6;12.16;0.129;20.33;3.961;2.196;0.003;;0.247;
20;Bolsdorfer_50;Y;N;23/09/2024;489;116.4;µS/cm;116.40;7.16;12.738;10.23;-0.021;3.49;3.49;12.717;13.721;mg/l;27/09/2024;Lucilla;DIC measured on 18/10/2024;23.3;0.5;0.5;0.106;0.0005;5.22;0.61;13.3;1.5;10.71;0.100;8.61;3.197;1.820;0.003;;0.190;
21;Eifelgold_50;Y;N;23/09/2024;489;168.2;µS/cm;168.20;7.43;24.581;22.073;1.833;5.344;5.344;26.413;27.417;mg/l;27/09/2024;Lucilla;DIC measured on 18/10/2024;30.2;0.6;0.6;0.088;0.0006;3.26;0.53;28.5;4.2;9.35;0.213;23.99;2.498;7.099;0.005;;0.295;
1;Control;Y;Y;10/12/2024;567;100.2;µS/cm;100.20;7.07;11.428;12.522;5.969;5.969;5.969;17.397;18.491;mg/l;12/12/2024;Lucilla;;26.8;0.5;;0.08;<0,0002;1.93;0.39;<4;4.7;6.40;0.063;12.09;1.640;3.347;0.002;;0.243;
2;Eifelgold_50;Y;N;10/12/2024;567;130.6;µS/cm;130.60;7.4;10.977;12.071;9.542;9.542;9.542;20.519;21.613;mg/l;12/12/2024;Lucilla;;44.6;0.9;;0.09;<0,0002;2.17;0.26;<4;3.9;9.88;0.056;12.134;2.502;5.575;0.002;;0.191;
3;Huhnerberg_02;N;Y;10/12/2024;567;163.1;µS/cm;163.10;7.73;17.712;18.806;10.401;10.401;10.401;28.113;29.207;mg/l;12/12/2024;Lucilla;;56.0;1.1;;0.10;<0,0002;2.54;0.52;<4;5.4;6.45;0.123;32.07;1.577;5.493;0.005;;0.313;
4;Bolsdorfer_50;Y;N;10/12/2024;567;170.7;µS/cm;170.70;7.48;15.604;16.698;14.537;14.537;14.537;30.141;31.235;mg/l;12/12/2024;Lucilla;;62.5;1.3;;0.18;<0,0002;1.36;0.26;5.2;5.3;9.60;0.091;17.47;2.993;10.736;0.002;;0.265;
5;Huhnerberg_04;N;Y;10/12/2024;567;87.35;µS/cm;87.35;7.21;11.507;12.601;4.048;4.048;4.048;15.555;16.649;mg/l;12/12/2024;Lucilla;;21.8;0.4;;0.04;<0,0002;1.85;0.55;<4;3.4;7.09;0.082;7.587;2.166;2.358;0.003;;0.264;
6;Lime_02;Y;N;10/12/2024;567;192;µS/cm;192.00;7.62;15.361;16.455;15.738;15.738;15.738;31.099;32.193;mg/l;12/12/2024;Lucilla;;69.2;1.4;;0.07;<0,0002;2.29;0.55;<4;4.9;16.10;0.107;21.30;3.743;5.821;0.004;;0.243;
7;Huhnerberg_08;N;Y;10/12/2024;567;99.98;µS/cm;99.98;7.09;18.56;19.654;4.911;4.911;4.911;23.471;24.565;mg/l;12/12/2024;Lucilla;;28.5;0.6;;0.07;<0,0002;2.14;0.23;<4;5.0;7.56;0.122;10.78;2.141;3.360;0.003;;0.509;
8;Huhnerberg_12;N;Y;10/12/2024;567;115.6;µS/cm;115.60;7.15;14.887;15.981;5.979;5.979;5.979;20.866;21.96;mg/l;12/12/2024;Lucilla;;30.4;0.6;;0.06;0.0003;2.88;0.35;<4;4.3;7.76;0.105;12.88;2.506;3.717;0.003;;0.327;
9;Huhnerberg_50;Y;Y;10/12/2024;567;175.7;µS/cm;175.70;7.73;11.309;12.403;10.662;10.662;10.662;21.971;23.065;mg/l;12/12/2024;Lucilla;;51.3;1.0;;0.09;0.0002;4.64;0.46;4.5;4.9;9.98;0.068;20.99;4.591;4.852;0.010;;0.145;
10;Lime_02;Y;N;10/12/2024;567;116.6;µS/cm;116.60;7.45;12.891;13.985;7.665;7.665;7.665;20.556;21.65;mg/l;12/12/2024;Lucilla;;41.1;0.8;;0.06;<0,0002;1.89;0.47;<4;4.6;10.40;0.052;11.02;3.037;2.241;0.002;;0.198;
11;Control;Y;Y;10/12/2024;567;112;µS/cm;112.00;7.31;17.221;18.315;5.31;5.31;5.31;22.531;23.625;mg/l;12/12/2024;Lucilla;;31.3;0.6;;0.09;0.0002;2.72;0.39;<4;4.0;6.73;0.111;16.80;1.824;4.002;0.003;;0.360;
12;Huhnerberg_20;N;Y;10/12/2024;567;103.9;µS/cm;103.90;7.41;16.533;17.627;4.243;4.243;4.243;20.776;21.87;mg/l;12/12/2024;Lucilla;;30.2;0.6;;0.14;0.0002;2.21;0.34;<4;5.6;8.14;0.114;11.51;2.511;2.468;0.004;;0.418;
13;Eifelgold_50;Y;N;10/12/2024;567;93.51;µS/cm;93.51;7.44;10.063;11.157;4.277;4.277;4.277;14.341;15.435;mg/l;12/12/2024;Lucilla;;30.7;0.6;;0.08;0.0003;1.83;0.42;<4;4.5;5.36;0.077;9.95;1.475;5.627;0.003;;0.231;
14;Huhnerberg_50;Y;Y;10/12/2024;567;148.4;µS/cm;148.40;7.59;10.743;11.837;10.453;10.453;10.453;21.196;22.29;mg/l;12/12/2024;Lucilla;;55.6;1.1;;0.11;<0,0002;2.97;0.28;<4;3.7;13.95;0.104;10.92;4.654;2.675;0.007;;0.137;
15;Bolsdorfer_50;Y;N;10/12/2024;567;208.5;µS/cm;208.50;7.68;17.828;18.922;17.233;17.233;17.233;35.061;36.155;mg/l;12/12/2024;Lucilla;;83.1;1.7;;0.10;<0,0002;2.68;0.55;<4;4.2;11.14;0.219;32.33;2.638;10.753;0.005;;0.319;
16;Huhnerberg_30;N;Y;10/12/2024;567;109.5;µS/cm;109.50;7.51;9.064;10.158;6.963;6.963;6.963;16.028;17.122;mg/l;12/12/2024;Lucilla;;31.1;0.6;;0.06;<0,0002;1.38;0.76;<4;3.3;8.47;0.059;10.42;2.111;3.807;0.003;;0.089;
17;Lime_02;Y;N;10/12/2024;567;95.65;µS/cm;95.65;7.41;11.499;12.593;4.178;4.178;4.178;15.677;16.771;mg/l;12/12/2024;Lucilla;;28.5;0.6;;0.06;0.0004;1.67;1.04;<4;4.9;6.41;0.091;11.717;1.540;3.224;0.002;;0.157;
18;Control;Y;Y;10/12/2024;567;115.2;µS/cm;115.20;7.1;8.844;9.938;5.876;5.876;5.876;14.72;15.814;mg/l;12/12/2024;Lucilla;;31.1;0.6;;0.05;0.0007;2.15;2.33;4.2;5.4;7.27;0.065;15.97;2.073;2.555;0.002;;0.124;
19;Huhnerberg_50;Y;Y;10/12/2024;567;112.7;µS/cm;112.70;7.53;7.981;9.075;5.605;5.605;5.605;13.586;14.68;mg/l;12/12/2024;Lucilla;;30.2;0.6;;0.08;0.0004;2.59;0.52;<4;3.1;6.69;0.072;11.59;2.701;3.606;0.005;;0.102;
20;Bolsdorfer_50;Y;N;10/12/2024;567;121.2;µS/cm;121.20;7.79;7.266;8.36;5.612;5.612;5.612;12.878;13.972;mg/l;12/12/2024;Lucilla;;33.4;0.7;;0.06;0.0011;3.22;0.40;4.9;3.3;5.26;0.060;16.39;1.364;6.728;0.002;;0.095;
21;Eifelgold_50;Y;N;10/12/2024;567;117.8;µS/cm;117.80;7.55;13.904;14.998;6.336;6.336;6.336;20.239;21.333;mg/l;12/12/2024;Lucilla;;38.7;0.8;;0.15;0.0009;2.28;0.27;4.9;<3;8.05;0.147;13.12;1.956;5.538;0.004;;0.243;
1;Control;Y;Y;14/11/2025;906;;;;;14.647;19.4655;1.106;3.55325;3.55325;15.753;23.01875;mg/l;21/11/2025;Teneille;;;;;;;;;;;;;;;;;;;
2;Eifelgold_50;Y;N;14/11/2025;906;;;;;;;;;;;;mg/l;21/11/2025;Teneille;not enough porewater;;;;;;;;;;;;;;;;;;
3;Huhnerberg_02;N;Y;14/11/2025;906;;;;;22.639;27.4575;3.952;6.39925;6.39925;26.591;33.85675;mg/l;21/11/2025;Teneille;;;;;;;;;;;;;;;;;;;
4;Bolsdorfer_50;Y;N;14/11/2025;906;;;;;30.202;35.0205;4.877;7.32425;7.32425;35.079;42.34475;mg/l;21/11/2025;Teneille;;;;;;;;;;;;;;;;;;;
5;Huhnerberg_04;N;Y;14/11/2025;906;;;;;11.684;16.5025;1.125;3.57225;3.57225;12.809;20.07475;mg/l;21/11/2025;Teneille;;;;;;;;;;;;;;;;;;;
6;Lime_02;Y;N;14/11/2025;906;;;;;27.54;32.3585;1.951;4.39825;4.39825;29.491;36.75675;mg/l;21/11/2025;Teneille;;;;;;;;;;;;;;;;;;;
7;Huhnerberg_08;N;Y;14/11/2025;906;;;;;12.202;17.0205;1.608;4.05525;4.05525;13.81;21.07575;mg/l;21/11/2025;Teneille;;;;;;;;;;;;;;;;;;;
8;Huhnerberg_12;N;Y;14/11/2025;906;;;;;12.949;17.7675;1.568;4.01525;4.01525;14.517;21.78275;mg/l;21/11/2025;Teneille;;;;;;;;;;;;;;;;;;;
9;Huhnerberg_50;Y;Y;14/11/2025;906;;;;;13.193;18.0115;1.872;4.31925;4.31925;15.066;22.33175;mg/l;21/11/2025;Teneille;;;;;;;;;;;;;;;;;;;
10;Lime_02;Y;N;14/11/2025;906;;;;;24.953;29.7715;-0.339;2.10825;2.10825;24.614;31.87975;mg/l;21/11/2025;Teneille;;;;;;;;;;;;;;;;;;;
11;Control;Y;Y;14/11/2025;906;;;;;9.366;14.1845;2.606;5.05325;5.05325;11.972;19.23775;mg/l;21/11/2025;Teneille;;;;;;;;;;;;;;;;;;;
12;Huhnerberg_20;N;Y;14/11/2025;906;;;;;10.549;15.3675;1.58;4.02725;4.02725;12.13;19.39575;mg/l;21/11/2025;Teneille;;;;;;;;;;;;;;;;;;;
13;Eifelgold_50;Y;N;14/11/2025;906;;;;;;4.8185;;2.44725;2.44725;;7.26575;mg/l;21/11/2025;Teneille;not enough porewater;;;;;;;;;;;;;;;;;;
14;Huhnerberg_50;Y;Y;14/11/2025;906;;;;;7.876;12.6945;5.136;7.58325;7.58325;13.013;20.27875;mg/l;21/11/2025;Teneille;;;;;;;;;;;;;;;;;;;
15;Bolsdorfer_50;Y;N;14/11/2025;906;;;;;23.961;28.7795;2.939;5.38625;5.38625;26.901;34.16675;mg/l;21/11/2025;Teneille;;;;;;;;;;;;;;;;;;;
16;Huhnerberg_30;N;Y;14/11/2025;906;;;;;21.403;26.2215;3.154;5.60125;5.60125;24.557;31.82275;mg/l;21/11/2025;Teneille;;;;;;;;;;;;;;;;;;;
17;Lime_02;Y;N;14/11/2025;906;;;;;6.142;10.9605;3.824;6.27125;6.27125;9.967;17.23275;mg/l;21/11/2025;Teneille;;;;;;;;;;;;;;;;;;;
18;Control;Y;Y;14/11/2025;906;;;;;9.352;14.1705;1.526;3.97325;3.97325;10.878;18.14375;mg/l;21/11/2025;Teneille;;;;;;;;;;;;;;;;;;;
19;Huhnerberg_50;Y;Y;14/11/2025;906;;;;;8.639;13.4575;1.659;4.10625;4.10625;10.298;17.56375;mg/l;21/11/2025;Teneille;;;;;;;;;;;;;;;;;;;
20;Bolsdorfer_50;Y;N;14/11/2025;906;;;;;3.961;8.7795;7.721;10.16825;10.16825;11.682;18.94775;mg/l;21/11/2025;Teneille;;;;;;;;;;;;;;;;;;;
21;Eifelgold_50;Y;N;14/11/2025;906;;;;;4.287;9.1055;4.684;7.13125;7.13125;8.971;16.23675;mg/l;21/11/2025;Teneille;;;;;;;;;;;;;;;;;;;
