Plot,Plant #,Part,Total Mass (g),Mass of Pan (g),Mass Difference (g)
1,1,TL,122.2,120,2.2
1,1,Rem,142.8,120,22.8
1,1,Stem,171.8,120,51.8
1,1,Corn,235.8,120,115.8
1,3,TL,120.8,120,0.8
1,3,Rem,140.2,120,20.2
1,3,Stem,165,120,45
1,3,Corn,208,120,88
1,4,TL,122,120,2
1,4,Rem,137.2,120,17.2
1,4,Stem,163.4,120,43.4
1,4,Corn,216.2,120,96.2
1,5,TL,121.2,120,1.2
1,5,Rem,135,120,15
1,5,Stem,176,120,56
1,5,Corn,203.6,120,83.6
2,1,TL,123,120,3
2,1,Rem,136,120,16
2,1,Stem,147.8,120,27.8
2,1,Corn,174,120,54
2,2,TL,118.2,116,2.2
2,2,Rem,124.4,116,8.4
2,2,Stem,130.6,116,14.6
2,2,Corn,141,116,25
2,3,TL,126,120,6
2,3,Rem,136.4,120,16.4
2,3,Stem,149.6,120,29.6
2,3,Corn,169.4,120,49.4
2,4,TL,119.4,114,5.4
2,4,Rem,123.8,114,9.8
2,4,Stem,134.6,114,20.6
2,4,Corn,143.8,114,29.8
2,5,TL,120.8,120,0.8
2,5,Rem,125,120,5
2,5,Stem,133,120,13
2,5,Corn,133.6,120,13.6
2,6,TL,126.2,120,6.2
2,6,Rem,141.8,120,21.8
2,6,Stem,158,120,38
2,6,Corn,192.6,120,72.6
3,1,TL,120.2,114,6.2
3,1,Rem,134.6,114,20.6
3,1,Corn,138.8,114,24.8
3,1,Stem,159.6,114,45.6
3,2,TL,121.2,114,7.2
3,2,Rem,133.3,114,19.3
3,2,Corn,142.6,114,28.6
3,2,Stem,160.2,114,46.2
3,3,Rem,121.4,120,1.4
3,3,Corn,127,120,7
3,3,TL,129.8,120,9.8
3,3,Stem,165,120,45
3,4,TL,123.8,120,3.8
3,4,Rem,132.4,120,12.4
3,4,Stem,153.8,120,33.8
3,4,Corn,172,120,52
3,5,TL,123.2,115,8.2
3,5,Corn,139.8,115,24.8
3,5,Rem,164,115,49
3,5,Stem,221.8,115,106.8
4,1,TL,122.6,120,2.6
4,1,Rem,140.6,120,20.6
4,1,Stem,172.8,120,52.8
4,1,Corn,232.8,120,112.8
4,2,TL,121.2,120,1.2
4,2,Rem,141,120,21
4,2,Stem,171.2,120,51.2
4,2,Corn,237.4,120,117.4
4,3,TL,121.6,120,1.6
4,3,Rem,140.8,120,20.8
4,3,Stem,166.6,120,46.6
4,3,Corn,244.4,120,124.4
4,4,TL,120,118,2
4,4,Rem,137.2,118,19.2
4,4,Stem,169.2,118,51.2
4,4,Corn,209.8,118,91.8
4,5,TL,122.56,120,2.6
4,5,Rem,139.52,120,19.5
4,5,Stem,168.68,120,48.7
4,5,Corn,225.52,120,105.5
4,6,TL,127.4,120,7.4
4,6,Rem,138,120,18
4,6,Stem,163.6,120,43.6
4,6,Corn,203.2,120,83.2
5,1,TL,123.4,115,8.4
5,1,Rem,139.4,115,24.4
5,1,Stem,161.8,115,46.8
5,1,Corn,239.2,115,124.2
5,2,TL,126.6,115,11.6
5,2,Rem,159.2,115,44.2
5,2,Stem,178.6,115,63.6
5,2,Corn,302.8,115,187.8
5,3,TL,125.6,120,5.6
5,3,Rem,134.4,120,14.4
5,3,Stem,169.2,120,49.2
5,3,Corn,236.8,120,116.8
5,4,TL,124.2,120,4.2
5,4,Rem,141.2,120,21.2
5,4,Stem,154,120,34
5,4,Corn,203.4,120,83.4
5,5,Rem,124.4,118,6.4
5,5,TL,150,118,32
5,5,Corn,163.6,118,45.6
5,5,Stem,275,118,157
6,1,Rem,122.8,117,5.8
6,1,TL,145,117,28
6,1,Corn,155.6,117,38.6
6,1,Stem,188.2,117,71.2
6,2,TL,120.8,114,6.8
6,2,Rem,145.4,114,31.4
6,2,Stem,155.4,114,41.4
6,2,Corn,214.8,114,100.8
6,3,TL,116.6,113,3.6
6,3,Rem,138,113,25
6,3,Stem,158.8,113,45.8
6,3,Corn,177.6,113,64.6
6,4,TL,124.6,120,4.6
6,4,Rem,149.8,120,29.8
6,4,Stem,161.4,120,41.4
6,4,Corn,232.2,120,112.2
6,5,TL,125.2,120,5.2
6,5,Rem,143.6,120,23.6
6,5,Stem,162.4,120,42.4
6,5,Corn,192.2,120,72.2
7,1,TL,123,120,3
7,1,Rem,144.6,120,24.6
7,1,Stem,151,120,31
7,1,Corn,182.2,120,62.2
1,2,TL,122.4,120,2.4
7,2,TL,124.2,120,4.2
1,2,Rem,136.2,120,16.2
7,2,Rem,141.2,120,21.2
1,2,Stem,153.4,120,33.4
7,2,Stem,172.6,120,52.6
1,2,Corn,197.4,120,77.4
7,2,Corn,216.4,120,96.4
7,3,TL,127.8,120,7.8
7,3,Rem,138.2,120,18.2
7,3,Stem,159.6,120,39.6
7,3,Corn,212.4,120,92.4
7,4,TL,126.2,120,6.2
7,4,Rem,137.2,120,17.2
7,4,Stem,151.8,120,31.8
7,4,Corn,180.8,120,60.8
7,5,TL,125.6,120,5.6
7,5,Rem,129.6,120,9.6
7,5,Stem,159.6,120,39.6
7,5,Corn,189.6,120,69.6
7,6,TL,123.8,120,3.8
7,6,Rem,135.6,120,15.6
7,6,Stem,154,120,34
7,6,Corn,193.6,120,73.6
8,1,TL,127.6,120,7.6
8,1,Rem,141,120,21
8,1,Stem,158.2,120,38.2
8,1,Corn,196.6,120,76.6
8,2,Rem,126.2,118,8.2
8,2,TL,146.6,118,28.6
8,2,Corn,158.4,118,40.4
8,2,Stem,213.8,118,95.8
8,3,Rem,119.8,116,3.8
8,3,TL,133.2,116,17.2
8,3,Stem,137.8,116,21.8
8,3,Corn,159.8,116,43.8
8,4,TL,125.8,116,9.8
8,4,Stem,146.2,116,30.2
8,4,Corn,165.8,116,49.8
8,4,Rem,203.6,116,87.6
8,5,Rem,145,120,25
8,5,Stem,160.2,120,40.2
8,5,Corn,214,120,94
8,5,TL,124.4,120,4.4
8,6,Rem,117.4,113,4.4
8,6,TL,121.8,113,8.8
8,6,Stem,152.2,113,39.2
8,6,Corn,177.4,113,64.4
9,1,TL,121.8,120,1.8
9,1,Rem,135,120,15
9,1,Stem,162.8,120,42.8
9,1,Corn,266.2,120,146.2
9,2,TL,124.2,120,4.2
9,2,Rem,135.2,120,15.2
9,2,Stem,155.2,120,35.2
9,2,Corn,207.6,120,87.6
9,3,TL,123,120,3
9,3,Rem,143.4,120,23.4
9,3,Stem,163.4,120,43.4
9,3,Corn,250,120,130
9,4,TL,121.2,120,1.2
9,4,Rem,152.8,120,32.8
9,4,Stem,170,120,50
9,4,Corn,272.6,120,152.6
9,5,TL,120.8,120,0.8
9,5,Rem,138.4,120,18.4
9,5,Stem,156.6,120,36.6
9,5,Corn,217.6,120,97.6
9,6,TL,123.8,120,3.8
9,6,Rem,136.4,120,16.4
9,6,Stem,165,120,45
9,6,Corn,245.6,120,125.6
10,1,TL,123.8,120,3.8
10,1,Rem,143.2,120,23.2
10,1,Stem,147.2,120,27.2
10,1,Corn,170.6,120,50.6
10,2,TL,126.8,120,6.8
10,2,Rem,142.6,120,22.6
10,2,Stem,169,120,49
10,2,Corn,237,120,117
10,3,TL,125.4,120,5.4
10,3,Rem,140.8,120,20.8
10,3,Stem,158.8,120,38.8
10,3,Corn,182.2,120,62.2
10,4,TL,127.8,120,7.8
10,4,Rem,140.8,120,20.8
10,4,Stem,171.2,120,51.2
10,4,Corn,221,120,101
10,5,Rem,122.2,120,2.2
10,5,TL,126.6,120,6.6
10,5,Stem,143.6,120,23.6
10,5,Corn,157.2,120,37.2
10,6,TL,126,120,6
10,6,Rem,138.8,120,18.8
10,6,Stem,159.8,120,39.8
10,6,Corn,186.8,120,66.8
11,1,TL,122.4,120,2.4
11,1,Corn,146.6,120,26.6
11,1,Stem,153.2,120,33.2
11,1,Rem,215.4,120,95.4
11,2,TL,124.2,115,9.2
11,2,Stem,151.8,115,36.8
11,2,Rem,152.6,115,37.6
11,2,Corn,187.2,115,72.2
11,3,TL,121.4,114,7.4
11,3,Rem,139,114,25
11,3,Stem,147.2,114,33.2
11,3,Corn,162.4,114,48.4
11,4,TL,122.4,114,8.4
11,4,Rem,147,114,33
11,4,Stem,162.2,114,48.2
11,4,Corn,180,114,66
11,5,TL,125.2,120,5.2
11,5,Rem,138.4,120,18.4
11,5,Stem,164.6,120,44.6
11,5,Corn,169,120,49
12,1,TL,123,120,3
12,1,Rem,142.4,120,22.4
12,1,Stem,160.8,120,40.8
12,1,Corn,197.2,120,77.2
12,2,TL,121.2,120,1.2
12,2,Rem,139.8,120,19.8
12,2,Stem,157.2,120,37.2
12,2,Corn,193.2,120,73.2
12,3,TL,123.6,120,3.6
12,3,Rem,139.2,120,19.2
12,3,Stem,153.6,120,33.6
12,3,Corn,208.8,120,88.8
12,4,TL,124,120,4
12,4,Rem,142.4,120,22.4
12,4,Stem,165,120,45
12,4,Corn,215.4,120,95.4
12,5,TL,122.6,120,2.6
12,5,Rem,135.6,120,15.6
12,5,Corn,169.4,120,49.4
12,5,Stem,182.6,120,62.6
12,6,TL,122.6,120,2.6
12,6,Rem,142.4,120,22.4
12,6,Stem,163.4,120,43.4
12,6,Corn,208.2,120,88.2
13,1,TL,122,120,2
13,1,Rem,143.2,120,23.2
13,1,Corn,156.8,120,36.8
13,1,Stem,183.2,120,63.2
13,2,TL,123.2,120,3.2
13,2,Rem,142.2,120,22.2
13,2,Stem,163.4,120,43.4
13,2,Corn,249,120,129
13,3,TL,120,118,2
13,3,Rem,145.2,118,27.2
13,3,Stem,160,118,42
13,3,Corn,251.8,118,133.8
13,4,TL,123.2,120,3.2
13,4,Rem,139,120,19
13,4,Stem,159.4,120,39.4
13,4,Corn,207.8,120,87.8
13,5,TL,122,120,2
13,5,Rem,138.4,120,18.4
13,5,Stem,148.8,120,28.8
13,5,Corn,222.4,120,102.4
14,1,Rem,127,120,7
14,1,TL,129.6,120,9.6
14,1,Corn,181.6,120,61.6
14,1,Stem,203,120,83
14,2,TL,119,115,4
14,2,Corn,135.6,115,20.6
14,2,Rem,136,115,21
14,2,Stem,156.6,115,41.6
14,3,TL,127,120,7
14,3,Rem,144.4,120,24.4
14,3,Stem,162.8,120,42.8
14,3,Corn,187.8,120,67.8
14,4,TL,125,120,5
14,4,Rem,151.2,120,31.2
14,4,Stem,173,120,53
14,4,Corn,204,120,84
14,5,TL,131.2,120,11.2
14,5,Rem,142,120,22
14,5,Stem,165,120,45
14,5,Corn,185.8,120,65.8
14,6,TL,122.8,120,2.8
14,6,Rem,146.8,120,26.8
14,6,Stem,162.2,120,42.2
14,6,Corn,190,120,70
15,1,TL,122.2,120,2.2
15,1,Rem,142.8,120,22.8
15,1,Stem,167.4,120,47.4
15,1,Corn,196.4,120,76.4
15,2,TL,124.6,120,4.6
15,2,Rem,143.8,120,23.8
15,2,Stem,176.2,120,56.2
15,2,Corn,248,120,128
15,3,TL,122.2,120,2.2
15,3,Rem,141.6,120,21.6
15,3,Stem,158.8,120,38.8
15,3,Corn,219.6,120,99.6
15,4,TL,124.6,120,4.6
15,4,Rem,135.4,120,15.4
15,4,Stem,182,120,62
15,4,Corn,236.6,120,116.6
15,5,TL,122.4,120,2.4
15,5,Stem,176.6,120,56.6
15,5,Rem,184,120,64
15,5,Corn,186.8,120,66.8
16,1,TL,123.2,120,3.2
16,1,Rem,136.4,120,16.4
16,1,Stem,157,120,37
16,1,Corn,180.4,120,60.4
16,2,Corn,118,113,5
16,2,TL,120,113,7
16,2,Rem,134.2,113,21.2
16,2,Stem,147.4,113,34.4
16,3,TL,122.8,116,6.8
16,3,Rem,140.8,116,24.8
16,3,Stem,176,116,60
16,3,Corn,120.8,16,104.8
16,4,TL,124.6,120,4.6
16,4,Rem,131,120,11
16,4,Stem,148.4,120,28.4
16,4,Corn,196,120,76
16,5,TL,123.4,120,3.4
16,5,Corn,123.6,120,3.6
16,5,Rem,134.4,120,14.4
16,5,Stem,163.2,120,43.2
16,6,Corn,118.6,116,2.6
16,6,TL,122.4,116,6.4
16,6,Rem,135.4,116,19.4
16,6,Stem,154.8,116,38.8
17,1,TL,118.1,114,4.1
17,1,Rem,123,114,9
17,1,Stem,131.8,114,17.8
17,1,Corn,134.4,114,20.4
17,2,Rem,122.6,117,5.6
17,2,TL,140.4,117,23.4
17,2,Stem,149.4,117,32.4
17,2,Corn,170.4,117,53.4
17,3,TL,124.8,120,4.8
17,3,Rem,134.4,120,14.4
17,3,Stem,151.4,120,31.4
17,3,Corn,172.4,120,52.4
17,4,TL,121.6,116,5.6
17,4,Rem,131.2,116,15.2
17,4,Stem,143.4,116,27.4
17,4,Corn,168.2,116,52.2
17,5,TL,124.8,120,4.8
17,5,Rem,132.4,120,12.4
17,5,Stem,156,120,36
17,5,Corn,179.4,120,59.4
17,6,TL,125.6,120,5.6
17,6,Rem,135.8,120,15.8
17,6,Corn,152,120,32
17,6,Stem,165,120,45
18,1,TL,127.7,120,7.7
18,1,Rem,145,120,25
18,1,Stem,167,120,47
18,1,Corn,204.8,120,84.8
18,2,TL,122,120,2
18,2,Rem,135.4,120,15.4
18,2,Stem,147.4,120,27.4
18,2,Corn,151.8,120,31.8
18,3,TL,127.6,120,7.6
18,3,Rem,137.2,120,17.2
18,3,Stem,159.4,120,39.4
18,3,Corn,192.6,120,72.6
18,4,TL,126.4,120,6.4
18,4,Rem,136.8,120,16.8
18,4,Stem,150,120,30
18,4,Corn,179.2,120,59.2
18,5,TL,125.4,120,5.4
18,5,Rem,139.2,120,19.2
18,5,Stem,154.8,120,34.8
18,5,Corn,159.6,120,39.6
18,6,TL,124.8,120,4.8
18,6,Rem,146.2,120,26.2
18,6,Stem,159.6,120,39.6
18,6,Corn,194.2,120,74.2
19,1,TL,120.4,120,0.4
19,1,Rem,143.6,120,23.6
19,1,Stem,153.8,120,33.8
19,1,Corn,167.8,120,47.8
19,2,TL,125,120,5
19,2,Rem,139.6,120,19.6
19,2,Stem,154.6,120,34.6
19,2,Corn,162.4,120,42.4
19,3,TL,122,120,2
19,3,Corn,124.4,120,4.4
19,3,Rem,133.8,120,13.8
19,3,Stem,167.6,120,47.6
19,4,TL,123.2,120,3.2
19,4,Rem,143.2,120,23.2
19,4,Corn,143.6,120,23.6
19,4,Stem,162.4,120,42.4
19,5,TL,121,120,1
19,5,Corn,124.8,120,4.8
19,5,Rem,135.2,120,15.2
19,5,Stem,180.2,120,60.2
19,6,TL,125.2,120,5.2
19,6,Rem,146.2,120,26.2
19,6,Stem,165.4,120,45.4
19,6,Corn,188.2,120,68.2
20,1,TL,119.6,114,5.6
20,1,Rem,139.8,114,25.8
20,1,Corn,147.8,114,33.8
20,1,Stem,183.8,114,69.8
20,2,TL,119.4,114,5.4
20,2,Rem,137.6,114,23.6
20,2,Stem,149.6,114,35.6
20,2,Corn,200.6,114,86.6
20,3,TL,124.6,115,9.6
20,3,Corn,137.8,115,22.8
20,3,Stem,156,115,41
20,3,Rem,175.2,115,60.2
20,4,TL,125.8,120,5.8
20,4,Rem,139.2,120,19.2
20,4,Stem,152.2,120,32.2
20,4,Corn,203.2,120,83.2
20,5,Rem,121.4,114,7.4
20,5,TL,136,114,22
20,5,Corn,145,114,31
20,5,Stem,192,114,78
21,1,TL,121.8,116,5.8
21,1,Rem,134.6,116,18.6
21,1,Stem,166.8,116,50.8
21,1,Corn,178.8,116,62.8
21,2,TL,126.4,120,6.4
21,2,Rem,137.2,120,17.2
21,2,Stem,151.2,120,31.2
21,2,Corn,196,120,76
21,3,TL,120.2,114,6.2
21,3,Rem,147.8,114,33.8
21,3,Stem,164.8,114,50.8
21,3,Corn,242,114,128
21,4,TL,128,120,8
21,4,Rem,142.8,120,22.8
21,4,Stem,160.6,120,40.6
21,4,Corn,212.5,120,92.5
21,5,TL,124.4,120,4.4
21,5,Rem,145.8,120,25.8
21,5,Stem,163.8,120,43.8
21,5,Corn,236.4,120,116.4
