Sample name,Parameter,Result (%)
1_2023_fPOM,Ctotal,28.87365341
1_2023_fPOM,Ntotal,1.788713574
5_2023_fPOM,Ctotal,28.21786118
5_2023_fPOM,Ntotal,1.791419148
11_2023_fPOM,Ctotal,15.61766243
11_2023_fPOM,Ntotal,1.041933417
15_2023_fPOM,Ctotal,10.11395168
15_2023_fPOM,Ntotal,0.567053199
17_2023_fPOM,Ctotal,23.25913811
17_2023_fPOM,Ntotal,1.450963497
21_2023_fPOM,Ctotal,21.52629471
21_2023_fPOM,Ntotal,1.230434418
1_2025_fPOM,Ctotal,21.98509598
1_2025_fPOM,Ntotal,1.365091085
2_2025_fPOM,Ctotal,21.82302094
2_2025_fPOM,Ntotal,1.283495307
3_2025_fPOM,Ctotal,30.473629
3_2025_fPOM,Ntotal,2.124560833
4_2025_fPOM,Ctotal,21.38476563
4_2025_fPOM,Ntotal,1.256199718
5_2025_fPOM,Ctotal,19.28105164
5_2025_fPOM,Ntotal,1.199260235
7_2025_fPOM,Ctotal,17.69569206
7_2025_fPOM,Ntotal,1.035994768
8_2025_fPOM,Ctotal,15.37314892
8_2025_fPOM,Ntotal,0.949081898
9_2025_fPOM,Ctotal,9.190379143
9_2025_fPOM,Ntotal,0.62626487
11_2025_fPOM,Ctotal,14.92877674
11_2025_fPOM,Ntotal,0.927558482
12_2025_fPOM,Ctotal,22.21256638
12_2025_fPOM,Ntotal,1.374686241
13_2025_fPOM,Ctotal,7.258448601
13_2025_fPOM,Ntotal,0.4321931
14_2025_fPOM,Ctotal,15.09079266
14_2025_fPOM,Ntotal,0.984763682
15_2025_fPOM,Ctotal,8.796712875
15_2025_fPOM,Ntotal,0.576711416
16_2025_fPOM,Ctotal,19.54231834
16_2025_fPOM,Ntotal,1.318921447
18_2025_fPOM,Ctotal,10.60915661
18_2025_fPOM,Ntotal,0.703992665
19_2025_fPOM,Ctotal,20.75147247
19_2025_fPOM,Ntotal,1.313457489
20_2025_fPOM,Ctotal,18.01354027
20_2025_fPOM,Ntotal,1.188598275
21_2025_fPOM,Ctotal,28.54483604
21_2025_fPOM,Ntotal,1.577027202
1_2026_fPOM,Ctotal,11.23240089
1_2026_fPOM,Ntotal,0.700104237
2_2026_fPOM,Ctotal,13.38288975
2_2026_fPOM,Ntotal,0.76311183
3_2026_fPOM,Ctotal,19.94973373
3_2026_fPOM,Ntotal,1.089537144
4_2026_fPOM,Ctotal,28.28293228
4_2026_fPOM,Ntotal,1.572709084
5_2026_fPOM,Ctotal,25.44186401
5_2026_fPOM,Ntotal,1.516656876
7_2026_fPOM,Ctotal,17.68780327
7_2026_fPOM,Ntotal,1.065663695
8_2026_fPOM,Ctotal,21.75750923
8_2026_fPOM,Ntotal,1.269281149
9_2026_fPOM,Ctotal,29.63914108
9_2026_fPOM,Ntotal,1.8255831
11_2026_fPOM,Ctotal,21.44045067
11_2026_fPOM,Ntotal,1.294558048
12_2026_fPOM,Ctotal,23.28001404
12_2026_fPOM,Ntotal,1.412431002
13_2026_fPOM,Ctotal,25.43236732
13_2026_fPOM,Ntotal,1.421242476
14_2026_fPOM,Ctotal,29.64695549
14_2026_fPOM,Ntotal,1.841350317
15_2026_fPOM,Ctotal,23.97444916
15_2026_fPOM,Ntotal,1.397448421
16_2026_fPOM,Ctotal,32.29343414
16_2026_fPOM,Ntotal,1.826347947
17_2026_fPOM,Ctotal,32.9607811
17_2026_fPOM,Ntotal,1.792199969
18_2026_fPOM,Ctotal,16.71080208
18_2026_fPOM,Ntotal,1.040011287
19_2026_fPOM,Ctotal,29.57481384
19_2026_fPOM,Ntotal,1.819944382
20_2026_fPOM,Ctotal,31.58865166
20_2026_fPOM,Ntotal,1.999277234
21_2026_fPOM,Ctotal,25.22785378
21_2026_fPOM,Ntotal,1.287819147
6_2025_fPOM,Ctotal,10.20723343
6_2025_fPOM,Ntotal,0.655251801
10_2025_fPOM,Ctotal,10.65277767
10_2025_fPOM,Ntotal,0.721172094
17_2025_fPOM,Ctotal,18.26158524
17_2025_fPOM,Ntotal,1.177766442
6_2026_fPOM,Ctotal,10.7807188
6_2026_fPOM,Ntotal,0.688110113
10_2026_fPOM,Ctotal,22.74202347
10_2026_fPOM,Ntotal,1.551187754
17_2026_fPOM,Ctotal,33.10242844
17_2026_fPOM,Ntotal,1.559964061
1_2023_oPOM,Ctotal,36.53
1_2023_oPOM,Ntotal,2.39
5_2023_oPOM,Ctotal,38.90
5_2023_oPOM,Ntotal,2.54
11_2023_oPOM,Ctotal,38.55
11_2023_oPOM,Ntotal,2.48
15_2023_oPOM,Ctotal,40.05
15_2023_oPOM,Ntotal,2.52
17_2023_oPOM,Ctotal,39.56
17_2023_oPOM,Ntotal,2.77
21_2023_oPOM,Ctotal,23.26
21_2023_oPOM,Ntotal,1.55
1_2025_oPOM,Ctotal,23.75
1_2025_oPOM,Ntotal,1.53
2_2025_oPOM,Ctotal,32.49
2_2025_oPOM,Ntotal,2.09
3_2025_oPOM,Ctotal,22.27
3_2025_oPOM,Ntotal,1.52
4_2025_oPOM,Ctotal,29.85
4_2025_oPOM,Ntotal,1.91
5_2025_oPOM,Ctotal,24.80
5_2025_oPOM,Ntotal,1.62
7_2025_oPOM,Ctotal,16.40
7_2025_oPOM,Ntotal,0.99
8_2025_oPOM,Ctotal,15.25
8_2025_oPOM,Ntotal,0.99
9_2025_oPOM,Ctotal,32.71
9_2025_oPOM,Ntotal,2.20
11_2025_oPOM,Ctotal,38.11
11_2025_oPOM,Ntotal,2.48
12_2025_oPOM,Ctotal,6.22
12_2025_oPOM,Ntotal,0.42
13_2025_oPOM,Ctotal,30.98
13_2025_oPOM,Ntotal,2.03
14_2025_oPOM,Ctotal,21.75
14_2025_oPOM,Ntotal,1.51
15_2025_oPOM,Ctotal,30.16
15_2025_oPOM,Ntotal,1.93
16_2025_oPOM,Ctotal,25.63
16_2025_oPOM,Ntotal,1.77
18_2025_oPOM,Ctotal,38.00
18_2025_oPOM,Ntotal,2.48
19_2025_oPOM,Ctotal,38.64
19_2025_oPOM,Ntotal,2.49
20_2025_oPOM,Ctotal,38.35
20_2025_oPOM,Ntotal,2.48
21_2025_oPOM,Ctotal,35.73
21_2025_oPOM,Ntotal,2.39
1_2026_oPOM,Ctotal,38.55
1_2026_oPOM,Ntotal,2.43
2_2026_oPOM,Ctotal,38.35
2_2026_oPOM,Ntotal,2.34
3_2026_oPOM,Ctotal,15.61
3_2026_oPOM,Ntotal,1.03
4_2026_oPOM,Ctotal,36.18
4_2026_oPOM,Ntotal,2.30
5_2026_oPOM,Ctotal,10.80
5_2026_oPOM,Ntotal,0.70
7_2026_oPOM,Ctotal,33.37
7_2026_oPOM,Ntotal,2.15
8_2026_oPOM,Ctotal,34.01
8_2026_oPOM,Ntotal,2.22
9_2026_oPOM,Ctotal,39.65
9_2026_oPOM,Ntotal,2.67
11_2026_oPOM,Ctotal,38.16
11_2026_oPOM,Ntotal,2.42
12_2026_oPOM,Ctotal,37.02
12_2026_oPOM,Ntotal,2.44
13_2026_oPOM,Ctotal,37.52
13_2026_oPOM,Ntotal,2.48
14_2026_oPOM,Ctotal,38.31
14_2026_oPOM,Ntotal,2.62
15_2026_oPOM,Ctotal,35.50
15_2026_oPOM,Ntotal,2.23
16_2026_oPOM,Ctotal,36.57
16_2026_oPOM,Ntotal,2.52
17_2026_oPOM,Ctotal,16.86
17_2026_oPOM,Ntotal,1.21
18_2026_oPOM,Ctotal,20.16
18_2026_oPOM,Ntotal,1.37
19_2026_oPOM,Ctotal,30.46
19_2026_oPOM,Ntotal,1.97
20_2026_oPOM,Ctotal,31.58
20_2026_oPOM,Ntotal,2.08
21_2026_oPOM,Ctotal,35.01
21_2026_oPOM,Ntotal,2.32
6_2025_oPOM,Ctotal,26.51
6_2025_oPOM,Ntotal,1.77
10_2025_oPOM,Ctotal,17.22
10_2025_oPOM,Ntotal,1.15
17_2025_oPOM,Ctotal,39.02
17_2025_oPOM,Ntotal,2.70
6_2026_oPOM,Ctotal,35.83
6_2026_oPOM,Ntotal,2.40
10_2026_oPOM,Ctotal,38.51
10_2026_oPOM,Ntotal,2.56
17_2026_oPOM,Ctotal,27.73
17_2026_oPOM,Ntotal,2.02
