"Sampled_on","Tmt","App_rate","mean_pH","se_pH","mean_EC_µS_cm","se_EC_µS_cm","mean_DOC","se_DOC","mean_DIC","se_DIC","mean_Alkalinity_meq_l","se_Alkalinity_meq_l","mean_NO2.N_mgN_l","se_NO2.N_mgN_l","mean_NH4.N_mgN_l","se_NH4.N_mgN_l","mean_NO3.N_mgN_l","se_NO3.N_mgN_l","mean_PO4.P_mgP_l","se_PO4.P_mgP_l","mean_Cl_mgCl_l","se_Cl_mgCl_l","mean_Ca_mg_l","se_Ca_mg_l","mean_Fe_mg_l","se_Fe_mg_l","mean_K_mg_l","se_K_mg_l","mean_Mg_mg_l","se_Mg_mg_l","mean_Na_mg_l","se_Na_mg_l","mean_Ni_mg_l","se_Ni_mg_l","mean_P_mg_l","se_P_mg_l","mean_Al_mg_l","se_Al_mg_l","mean_Si_mg_l","se_Si_mg_l"
2023-04-25,"Bolsdorfer","50",6.91666666666667,0.101050042608161,222.7,62.9501654750274,25.996,NA,2.602,NA,0.36,0.0850490054811538,0.00123333333333333,0.000635959467611297,0.34,0.305013660896251,0.55,0.209816586570271,0.656333333333333,0.263505428997414,2,0.5,6.85,0.285773803324704,0.09,0.00816496580927726,2.08,0.963465965494717,2.05,0.114309521329882,0.775,0.200041662327293,0.002,0,NA,NA,0.145,0.000816496580927727,NA,NA
2023-04-25,"Control","0",7.16333333333333,0.0284800124843918,197.1,7.64133496190292,5.899,NA,0,NA,0.406666666666667,0.0448454134902457,7e-04,0.000489897948556636,0.13,0.0898146239020499,0.418,0.0481732982747358,0.568,0.112676528168026,1.5,0,6.5,0.0816496580927723,0.145,0.0612372435695795,7.68,5.74813592973119,2.23,0.130639452948436,0.985,0.608289952791156,0.0015,0.000408248290463863,NA,NA,0.284,0.158400336699979,NA,NA
2023-04-25,"Eifelgold","50",6.93,0.105356537528527,166.466666666667,27.3176581068811,27.124,NA,4.15,NA,0.25,0.102143689640297,7e-04,0.000489897948556636,0.165,0.077567175188134,0.5995,0.113901273039418,0.420333333333333,0.00959745336592531,1.5,0,8.5,1.30511813003013,0.1,0.0208166599946613,3.35666666666667,2.06382600472467,2.51666666666667,0.279424010739553,0.96,0.403360880601974,0.00333333333333333,0.000881917103688197,NA,NA,0.228666666666667,0.0644885864147895,NA,NA
2023-04-25,"Huhnerberg","02",NA,NA,NA,NA,30.716,NA,8.265,NA,NA,NA,NA,NA,NA,NA,NA,NA,NA,NA,NA,NA,NA,NA,NA,NA,NA,NA,NA,NA,NA,NA,NA,NA,NA,NA,NA,NA,NA,NA
2023-04-25,"Huhnerberg","04",6.84,NA,154.4,NA,18.3,NA,2.785,NA,0.26,NA,0.0028,NA,0.13,NA,0.387,NA,0.494,NA,1.5,NA,7.5,NA,0.11,NA,2.24,NA,2.47,NA,1.09,NA,0.003,NA,NA,NA,0.285,NA,NA,NA
2023-04-25,"Huhnerberg","08",6.99,NA,160.8,NA,35.499,NA,7.416,NA,0.21,NA,4e-04,NA,0.11,NA,0.309,NA,0.176,NA,1.5,NA,8.3,NA,0.13,NA,1.97,NA,2.6,NA,0.99,NA,0.002,NA,NA,NA,0.49,NA,NA,NA
2023-04-25,"Huhnerberg","12",6.81,NA,193.5,NA,NA,NA,NA,NA,0.41,NA,0.0012,NA,0.26,NA,0.364,NA,0.886,NA,1.5,NA,7.9,NA,0.18,NA,6.23,NA,3.18,NA,1.67,NA,0.002,NA,NA,NA,0.283,NA,NA,NA
2023-04-25,"Huhnerberg","20",6.9,NA,167,NA,NA,NA,NA,NA,0.22,NA,1e-04,NA,0.09,NA,0.576,NA,0.383,NA,1.5,NA,8.1,NA,0.06,NA,2.14,NA,3.06,NA,0.95,NA,0.001,NA,NA,NA,0.157,NA,NA,NA
2023-04-25,"Huhnerberg","30",7.24,NA,207.2,NA,NA,NA,NA,NA,0.33,NA,0.0012,NA,0.15,NA,0.574,NA,NA,NA,NA,NA,10.2,NA,0.21,NA,5.4,NA,2.63,NA,1.77,NA,0.005,NA,NA,NA,0.136,NA,NA,NA
2023-04-25,"Huhnerberg","50",6.91333333333333,0.0120185042515467,172.4,25.7748585511799,NA,NA,NA,NA,0.343333333333333,0.14379769740082,0.0034,0.00207444771766688,0.123333333333333,0.00333333333333334,0.409333333333333,0.083955014409173,0.643,0.0841566000580664,2,0.5,9.36666666666667,1.97005358077163,0.11,0.00577350269189626,3.45666666666667,1.00505942333996,3.01666666666667,0.513495645334776,0.836666666666667,0.22191089302791,0.00266666666666667,0.000881917103688197,NA,NA,0.186666666666667,0.0201852531429369,NA,NA
2023-04-25,"Lime","02",6.73333333333333,0.0693621734889492,151.766666666667,4.18821096783712,25.412,NA,3.143,NA,0.243333333333333,0.0484194634877798,0.00146666666666667,0.000913479307069648,0.09,0.0208166599946613,0.388666666666667,0.0787534831681184,0.372333333333333,0.110505404593823,1.5,0,7.9,0.360555127546399,0.1,0.0152752523165195,1.85666666666667,0.198354340624158,2.40333333333333,0.0520683311727111,0.693333333333333,0.116952031952326,0.00266666666666667,0.000881917103688197,NA,NA,0.220666666666667,0.0219418423211098,NA,NA
2023-06-20,"Bolsdorfer","50",7.43,0.0173205080756887,1129.46666666667,566.636407035215,26.9043333333333,1.73957095604379,5.245,1.50218374375441,0.516666666666667,0.0898764584180851,0.00806666666666667,0.00731809021838652,17.5433333333333,16.595844191979,108.83,72.285841628911,0.37,0.0602771377334171,38.6666666666667,15.8359646936263,86.9333333333333,46.9256267347006,0.066,0.00650640709864771,57.5666666666667,16.0094069568835,27.7333333333333,13.8352609098797,23.3,8.53365884795809,0.00466666666666667,0.000666666666666667,0.523333333333333,0.0371184290855335,0.174333333333333,0.0485294870270757,7.56666666666667,1.98017956537055
2023-06-20,"Control","0",6.80333333333333,0.190292173015895,2039.8,698.877700316729,43.4003333333333,9.55366792272883,3.18766666666667,0.522670174307958,0.263333333333333,0.128105859003838,0.000566666666666667,6.66666666666667e-05,49.11,21.9111896832037,205.806666666667,77.8604149174091,0.366666666666667,0.298682291257971,64.3333333333333,21.987370112054,162.2,56.4784029519249,0.0646666666666667,0.0251815629203414,73.8333333333333,23.4862607591001,55.6,18.1731486906736,14.6666666666667,4.48491298069923,0.00666666666666667,0.00145296631451356,0.846666666666667,0.577706192146531,0.174666666666667,0.0265664784602284,5.06666666666667,0.290593262902712
2023-06-20,"Eifelgold","50",7.28666666666667,0.0635959467611299,997.933333333333,384.201363581362,40.7146666666667,12.5909325883528,7.12166666666667,1.67445934889776,0.693333333333333,0.186755931037753,0.000733333333333333,3.33333333333334e-05,2.81,1.56038456798316,51.9833333333333,26.4895830678988,0.62,0.1955334583475,125,52.0480547186924,86.3666666666667,36.1019082290366,0.108666666666667,0.0607106067979705,41.4666666666667,10.6672916483572,31.1,12.7754973810546,25.0333333333333,8.27875460306547,0.00633333333333333,0.000881917103688197,1.09,0.236713610367747,0.205666666666667,0.137410981285259,7.8,0.850490054811538
2023-06-20,"Huhnerberg","02",6.96,NA,6149,NA,76.123,NA,4.495,NA,0.2,NA,0.0049,NA,71.88,NA,423.16,NA,0.19,NA,733,NA,270.8,NA,0.102,NA,634.5,NA,86.7,NA,148.6,NA,0.008,NA,0.47,NA,0.256,NA,6.1,NA
2023-06-20,"Huhnerberg","04",6.8,NA,2831,NA,29.527,NA,0.895,NA,0.06,NA,NA,NA,NA,NA,NA,NA,NA,NA,NA,NA,273.5,NA,0.015,NA,85.8,NA,80.7,NA,23.7,NA,0.008,NA,0.22,NA,0.085,NA,7.2,NA
2023-06-20,"Huhnerberg","08",7.28,NA,492,NA,41.241,NA,8.711,NA,1.11,NA,8e-04,NA,2.27,NA,29.19,NA,0.16,NA,18,NA,33,NA,0.149,NA,46.8,NA,13,NA,10.6,NA,0.009,NA,0.32,NA,0.498,NA,5.6,NA
2023-06-20,"Huhnerberg","12",7.38,NA,774.3,NA,56.812,NA,5.826,NA,0.85,NA,5e-04,NA,6.36,NA,51.81,NA,0.43,NA,40,NA,56.5,NA,0.151,NA,66,NA,22.3,NA,16.6,NA,0.008,NA,0.66,NA,0.451,NA,7.7,NA
2023-06-20,"Huhnerberg","20",6.84,NA,1195,NA,20.207,NA,1.819,NA,0.06,NA,0.001,NA,6.93,NA,129.09,NA,0.18,NA,24,NA,105.7,NA,0.032,NA,35,NA,40.6,NA,11.8,NA,0.006,NA,0.25,NA,0.15,NA,4.4,NA
2023-06-20,"Huhnerberg","30",7.66,NA,246.1,NA,25.188,NA,9.77,NA,1.01,NA,1e-04,NA,0.5,NA,7.05,NA,0.94,NA,8,NA,21.4,NA,0.111,NA,15.4,NA,7,NA,7.9,NA,0.009,NA,1.19,NA,0.158,NA,6.2,NA
2023-06-20,"Huhnerberg","50",7.67,0.0493288286231624,1109.6,331.766423858714,31.601,5.2869258868773,11.066,1.30036007833728,1.08333333333333,0.116666666666667,0.000933333333333333,0.000185592145427667,6.51333333333333,3.64180510797111,104.753333333333,38.1246771935332,0.563333333333333,0.0717247826378334,23,6.2449979983984,88.7,26.5503295648095,0.0833333333333333,0.0133832399332565,50.7333333333333,19.7279271873938,39.4666666666667,12.5673297791447,22.3333333333333,6.18178327381707,0.0126666666666667,0.00317979733805649,0.72,0.055075705472861,0.168666666666667,0.0089504810547317,6.73333333333333,1.25742240759067
2023-06-20,"Lime","02",7.31666666666667,0.190991564677024,1599.46666666667,768.617428316006,33.812,8.76509079625914,7.116,1.19045201499262,0.593333333333333,0.15059142664102,0.00065,0.000285773803324704,22.97,18.1752138914512,161.685,119.35138771711,0.27,0.0734846922834953,57.5,39.6000841749947,141.466666666667,77.9478743206709,0.063,0.0149777612924406,65.9666666666667,24.8115788382046,41.3333333333333,19.8977664854906,13.9333333333333,5.64633607847701,0.007,0.00173205080756888,0.786666666666667,0.502338973646724,0.147666666666667,0.0318032143728341,5.6,0.98657657246325
2023-07-25,"Bolsdorfer","50",7.00666666666667,0.156773013550731,180.366666666667,45.1156045928432,20.737,1.8646936298849,7.0775,1.62996551599515,0.966666666666667,0.120185042515466,7e-04,0.000208166599946613,0.338,0.042,7.55,5.51503702012356,0.413333333333333,0.0517472489875334,3.53333333333333,0.284800124843918,15.64,5.58079146119377,0.116666666666667,0.0132957804501194,9.56,1.6974097914175,3.69666666666667,1.15891232531964,8.90666666666667,0.757569212092936,NA,NA,NA,NA,0.151,0.0384360941477322,4.83333333333333,0.185307252361525
2023-07-25,"Control","0",7.18666666666667,0.170717440364025,144.12,39.6903733080622,23.4923333333333,4.5900249212589,4.68716666666667,0.568566716499578,0.733333333333333,0.0333333333333334,8e-04,0.000163299316185545,0.5225,0.044499063660561,1.995,1.18800252524984,0.615,0.29802125203862,3.75,0.367423461417477,9.095,1.35946680724466,0.1135,0.0200041662327293,11.18,1.51868364052557,2.31,0.473568016938081,2.4,0.457238085319527,NA,NA,NA,NA,0.187,0.0563382640840131,2.286,0.0661362230551458
2023-07-25,"Eifelgold","50",7.255,0.216371593945847,153.5,1.30639452948436,26.3725,7.37092288432505,8.70175,0.630947732911901,1.15,0.0408248290463862,3e-04,NA,0.975,NA,1.35,NA,0.72,NA,5.4,NA,9.375,2.42907732825998,0.176,0.0457238085319527,13.87,1.82078737546883,2.92,0.677692162170013,10.85,2.05757138393787,NA,NA,NA,NA,0.193,0.0212289111041209,5.4575,0.851197685617154
2023-07-25,"Huhnerberg","02",7.73,NA,265.2,NA,33.868,NA,5.7515,NA,1.1,NA,NA,NA,NA,NA,NA,NA,NA,NA,NA,NA,NA,NA,NA,NA,NA,NA,NA,NA,NA,NA,NA,NA,NA,NA,NA,NA,NA,NA
2023-07-25,"Huhnerberg","04",7.14,NA,101.9,NA,19.83,NA,3.9465,NA,0.7,NA,5e-04,NA,0.511,NA,2.73,NA,0.36,NA,5.4,NA,11.21,NA,0.108,NA,6.19,NA,2.94,NA,2.74,NA,NA,NA,NA,NA,0.228,NA,2.312,NA
2023-07-25,"Huhnerberg","08",6.99,NA,116.4,NA,36.688,NA,5.366,NA,1,NA,6e-04,NA,0.066,NA,0.81,NA,0.06,NA,6.2,NA,11.3,NA,0.169,NA,8.71,NA,2.83,NA,5.66,NA,NA,NA,NA,NA,0.46,NA,2.399,NA
2023-07-25,"Huhnerberg","12",7.07,NA,102.5,NA,24.974,NA,5.7855,NA,0.8,NA,6e-04,NA,0.118,NA,0.7,NA,0.44,NA,3.6,NA,7.16,NA,0.123,NA,12.52,NA,2.36,NA,3.5,NA,NA,NA,NA,NA,0.236,NA,2.37,NA
2023-07-25,"Huhnerberg","20",6.61,NA,104.1,NA,19.868,NA,6.0755,NA,1,NA,1e-04,NA,0.788,NA,1.52,NA,0.51,NA,3.9,NA,10.18,NA,0.1,NA,6.03,NA,2.86,NA,3.43,NA,NA,NA,NA,NA,0.308,NA,2.821,NA
2023-07-25,"Huhnerberg","30",7.2,NA,234.2,NA,24.65,NA,8.9435,NA,1,NA,5e-04,NA,0.225,NA,8.93,NA,0.43,NA,6.4,NA,22.39,NA,0.116,NA,10.32,NA,6.35,NA,8.52,NA,NA,NA,NA,NA,0.045,NA,5.436,NA
2023-07-25,"Huhnerberg","50",7.43666666666667,0.214035303422382,188.533333333333,21.5568499038653,32.5395,9.64404936562783,8.6045,0.736888164287273,1.23333333333333,0.0881917103688196,0.00075,0.000285773803324704,0.8585,0.219229331979094,1.92,0.383753393036031,0.365,0.0694022093788567,8.35,3.06186217847897,14.295,1.17167259363129,0.1385,0.000408248290463863,11.47,4.15596759692213,5.225,0.191876696518016,5.76,2.1555509736492,NA,NA,NA,NA,0.054,0.00898146239020499,3.903,0.290672782810271
2023-07-25,"Lime","02",7.16333333333333,0.182604612330698,163.866666666667,27.4526460979225,18.8283333333333,1.8992296976523,8.1945,3.04874256866663,1.06666666666667,0.317979733805649,0.000566666666666667,8.81917103688197e-05,0.712333333333333,0.153092927480156,3.91333333333333,1.0714683590496,0.73,0.145716619962629,5.66666666666667,0.266666666666667,13.8366666666667,0.778980815624564,0.0836666666666667,0.00866666666666667,16.07,5.60835388802573,4.01333333333333,0.687442926923958,1.88333333333333,0.432833044538474,NA,NA,NA,NA,0.077,0.0248797106092495,2.3,0.213809104888761
2023-09-06,"Bolsdorfer","50",7.64,0.0305505046330389,328.666666666667,103.253964142357,20.229,1.32864454739909,7.34766666666667,0.735249693037074,0.626666666666667,0.126666666666667,0.000266666666666667,3.33333333333333e-05,0.37,0.26,11.37,3.04056464054513,0.436666666666667,0.0982061324177082,5.33333333333333,1.85592145427667,15.4433333333333,1.88884738516494,0.0966666666666667,0.0142400062421959,14.2933333333333,2.16738193321907,4.02333333333333,0.320641717671159,13.1333333333333,2.95364934351464,NA,NA,NA,NA,0.209333333333333,0.0232546291687865,5.74466666666667,1.0605297942276
2023-09-06,"Control","0",7.23,0.109696551146029,218.566666666667,78.1951049903026,18.509,3.02321335667862,3.54266666666667,0.603971393730236,0.216666666666667,0.0409606857581484,0.000266666666666667,6.66666666666667e-05,0.16,0.02,12.66,7.03542701854929,0.816666666666667,0.531674503599503,7.66666666666667,2.185812841434,17.01,4.76000350139927,0.0896666666666667,0.0146780259042027,21.39,8.94816368498774,4.79,1.53079500042734,2.08333333333333,0.460374243897771,NA,NA,NA,NA,0.544,0.30831153076069,2.962,0.752656849655494
2023-09-06,"Eifelgold","50",7.58666666666667,0.095277372853043,211.633333333333,49.408849859559,17.718,4.2688059610778,6.672,1.13575628254187,0.576666666666667,0.118930418499409,0.000236666666666667,0.000116952031952326,0.403333333333333,0.338444152622622,8.42333333333333,2.64356030971701,0.476666666666667,0.138604152575279,10.3333333333333,3.75647588986155,13.08,2.58945940304149,0.0903333333333333,0.0222286101929723,16.79,4.4798697897744,4.02666666666667,0.995394952323504,9.62666666666667,3.96121754571047,NA,NA,NA,NA,0.214333333333333,0.046048283838211,5.51833333333333,0.824465955095243
2023-09-06,"Huhnerberg","02",7.83,NA,181.9,NA,19.713,NA,7.487,NA,0.72,NA,4e-04,NA,0.09,NA,6.04,NA,0.21,NA,7,NA,16.15,NA,0.088,NA,17.99,NA,3.99,NA,2.2,NA,NA,NA,NA,NA,0.287,NA,3.145,NA
2023-09-06,"Huhnerberg","04",7.46,NA,155.1,NA,14.881,NA,4.161,NA,0.3,NA,3e-04,NA,0.21,NA,3.75,NA,0.26,NA,11,NA,11.09,NA,0.068,NA,12.36,NA,3.43,NA,1.81,NA,NA,NA,NA,NA,0.223,NA,2.432,NA
2023-09-06,"Huhnerberg","08",7.45,NA,301.8,NA,23.052,NA,4.447,NA,0.23,NA,7e-04,NA,0.18,NA,21.45,NA,0.19,NA,7,NA,21.1,NA,0.1,NA,24.02,NA,7.72,NA,7.15,NA,NA,NA,NA,NA,0.309,NA,2.998,NA
2023-09-06,"Huhnerberg","12",7.3,NA,322.7,NA,14.316,NA,5.067,NA,0.06,NA,5e-04,NA,0.12,NA,22.98,NA,0.24,NA,15,NA,24.67,NA,0.056,NA,18.74,NA,8.67,NA,5.45,NA,NA,NA,NA,NA,0.171,NA,4.331,NA
2023-09-06,"Huhnerberg","20",7.48,NA,161.2,NA,16.418,NA,4.26,NA,0.32,NA,3e-04,NA,0.08,NA,7.35,NA,0.28,NA,7,NA,13.87,NA,0.072,NA,9.2,NA,3.89,NA,3.86,NA,NA,NA,NA,NA,0.289,NA,3.989,NA
2023-09-06,"Huhnerberg","30",7.41,NA,130.8,NA,14.956,NA,7.72,NA,0.61,NA,3e-04,NA,0.28,NA,1.98,NA,0.33,NA,10,NA,12.43,NA,0.07,NA,7.16,NA,3.44,NA,3.54,NA,NA,NA,NA,NA,0.085,NA,2.91,NA
2023-09-06,"Huhnerberg","50",7.87666666666667,0.0352766841475279,187.7,39.6480768764388,20.0016666666667,4.44563854931,8.23366666666667,0.923297412056977,0.68,0.0721110255092798,4e-04,0.000115470053837925,0.166666666666667,0.0768837506311386,8.01,3.26735877021997,0.45,0.105987420637231,4.66666666666667,1.20185042515466,15.3533333333333,3.66644393262888,0.1,0.0249466096560902,12.3533333333333,3.86911847554166,5.25,1.28561269439906,5.56333333333333,1.38833633453057,NA,NA,NA,NA,0.203,0.077216146843347,4.66866666666667,0.764679526192364
2023-09-06,"Lime","02",7.59666666666667,0.141696075378882,271.1,18.8796186402162,19.197,3.31109745150053,6.003,2.24775376765339,0.546666666666667,0.261682589749066,0.000333333333333333,6.66666666666667e-05,0.0933333333333333,0.0176383420737639,13.86,2.1091546489846,0.493333333333333,0.114649223479466,6.66666666666667,2.185812841434,18.8766666666667,2.43336073043937,0.0753333333333333,0.0116809436452902,26.2533333333333,14.3865334408413,4.43,0.980832979325906,1.6,0.556776436283002,NA,NA,NA,NA,0.206333333333333,0.0280138854459316,2.66633333333333,0.53817727356121
2023-10-25,"Bolsdorfer","50",7.06666666666667,0.136666666666667,364.933333333333,28.6981029183309,70.793,9.50807889814411,25.8626666666667,4.09637764101136,2.5,0.404145188432738,0.00133333333333333,0.000688799277325728,0.196666666666667,0.0721880260923591,5.34,1.32492767098183,0.133333333333333,0.094926872439321,23,5.5075705472861,20.778,3.28266360343751,0.185333333333333,0.0192035876277788,24.491,2.00202131190788,7.14733333333333,1.14710364735615,17.6763333333333,4.11079101606708,NA,NA,NA,NA,0.458333333333333,0.0613523521237052,6.60433333333333,0.740030930284524
2023-10-25,"Control","0",7.04333333333333,0.114649223479466,252.9,43.5025286621364,52.145,18.8166106406016,8.22,0.633084775787045,0.933333333333333,0.0881917103688197,0.00166666666666667,0.000392994204085053,0.153333333333333,0.0484194634877798,7.32,2.83494855920409,0.466666666666667,0.347866513351186,21,5.5075705472861,16.8766666666667,4.88067899420198,0.257666666666667,0.0723195071271307,21.9056666666667,1.88402594933769,5.707,1.66768981928095,3.237,0.25568991637007,NA,NA,NA,NA,0.852333333333333,0.330196574448885,3.54933333333333,0.208747322005444
2023-10-25,"Eifelgold","50",7.1,0.185022521151705,241.933333333333,40.0259221560784,39.3793333333333,14.0269004218482,11.3643333333333,3.01566688773442,1.03333333333333,0.317979733805649,0.0014,0.000602771377334171,0.133333333333333,0.0260341655863555,3.67333333333333,1.1849238137722,0.2,0.0929157324317757,23.6666666666667,8.66666666666667,9.651,1.17139916339393,0.219333333333333,0.0910390636546264,26.12,5.68115871397141,3.14133333333333,0.178551890994685,11.3,3.77034233635798,NA,NA,NA,NA,0.604333333333333,0.0975471396015508,8.53133333333333,1.11446404657625
2023-10-25,"Huhnerberg","02",7.2,NA,258.3,NA,32.245,NA,6.966,NA,0.6,NA,2e-04,NA,0.11,NA,9.96,NA,0.27,NA,15,NA,16.964,NA,0.156,NA,27.12,NA,5.435,NA,5.744,NA,NA,NA,NA,NA,0.746,NA,3.643,NA
2023-10-25,"Huhnerberg","04",6.64,NA,394.3,NA,113.936,NA,10.353,NA,1,NA,7e-04,NA,0.45,NA,9.22,NA,0.02,NA,66,NA,27.229,NA,0.234,NA,24.72,NA,11.16,NA,4.847,NA,NA,NA,NA,NA,0.985,NA,4.979,NA
2023-10-25,"Huhnerberg","08",7.01,NA,247.7,NA,37.33,NA,8.589,NA,1,NA,0.0012,NA,0.22,NA,9.53,NA,0.1,NA,13,NA,12.818,NA,0.171,NA,27.24,NA,4.22,NA,5.026,NA,NA,NA,NA,NA,0.804,NA,4.056,NA
2023-10-25,"Huhnerberg","12",6.73,NA,248.8,NA,65.148,NA,7.509,NA,1,NA,0,NA,0.08,NA,4.95,NA,0.02,NA,35,NA,15.175,NA,0.284,NA,18.84,NA,6.795,NA,5.554,NA,NA,NA,NA,NA,0.947,NA,5.486,NA
2023-10-25,"Huhnerberg","20",6.83,NA,288.5,NA,39.113,NA,9.223,NA,0.8,NA,0.0017,NA,0.17,NA,14.25,NA,0.13,NA,18,NA,16.178,NA,0.14,NA,19.418,NA,6.262,NA,7.741,NA,NA,NA,NA,NA,0.559,NA,4.692,NA
2023-10-25,"Huhnerberg","30",7.25,NA,191.5,NA,34.216,NA,10.584,NA,1.2,NA,0.002,NA,0.15,NA,2.27,NA,0.71,NA,8,NA,8.426,NA,0.153,NA,24.644,NA,3.262,NA,3.815,NA,NA,NA,NA,NA,0.253,NA,3.307,NA
2023-10-25,"Huhnerberg","50",7.35666666666667,0.28102985211144,346.3,29.0246447006677,43.7476666666667,13.1139698328835,16.7126666666667,4.23806560958076,1.73333333333333,0.384418753155693,0.0016,0.000115470053837925,0.196666666666667,0.0425571511160124,11.52,5.21609368525272,0.333333333333333,0.100388135642504,15.6666666666667,4.80740170061865,20.4946666666667,3.01964315404615,0.131333333333333,0.0260277629550533,19.12,1.53669819201212,9.76433333333333,0.765653170683553,11.1463333333333,1.22065178399811,NA,NA,NA,NA,0.324333333333333,0.111331836317281,4.869,0.699951664997901
2023-10-25,"Lime","02",6.67666666666667,0.0491030662088541,498.8,131.331603203494,142.023,57.0986820980426,13.4236666666667,3.12308962051648,1.86666666666667,0.717247826378334,0.00163333333333333,0.000185592145427667,0.13,0.03,15.4933333333333,4.96382357104324,0.0833333333333333,0.0635959467611297,57.3333333333333,16.2514956576652,35.3453333333333,9.86775540727362,0.246,0.0535754919093921,39.0763333333333,11.6125721574125,12.3546666666667,3.89082006494489,5.54733333333333,2.18508675139252,NA,NA,NA,NA,0.924,0.288097784325623,3.966,0.30249132218958
2023-12-11,"Bolsdorfer","50",7.24,0.220529665426975,157,14.0250965534407,15.0906666666667,2.15409890931478,12.0203333333333,1.54358396093133,1.09333333333333,0.118930418499408,0.000166666666666667,6.66666666666667e-05,0.253333333333333,0.126007054476239,1.17666666666667,0.278108691781549,0.275,0.0930716569817758,6.1,0.251661147842358,20.7,6.60631011483213,0.152,0.0306159000085468,22.8,4.12835721968598,7.97333333333333,2.63697638298951,8.66333333333333,3.28078412036581,0.00566666666666667,0.00133333333333333,NA,NA,0.372333333333333,0.113328921482755,NA,NA
2023-12-11,"Control","0",6.98,0.211266025033211,109.743333333333,13.1861244411608,16.1676666666667,1.26332383461689,5.86533333333333,0.273404055891235,0.57,0.0854400374531753,2e-04,1e-04,0.166666666666667,0.0333333333333333,1.83666666666667,0.41530443987246,0.718666666666667,0.475695047039359,4.13333333333333,1.34205480927983,11.3333333333333,2.54580264575067,0.182333333333333,0.0407117236732178,25.7333333333333,10.4330138396236,3.89333333333333,0.89651795545011,2.80333333333333,0.776194420089309,0.00566666666666667,0.000333333333333333,NA,NA,0.486333333333333,0.108842904122307,NA,NA
2023-12-11,"Eifelgold","50",7.06666666666667,0.196412264835417,154.473333333333,30.4350025099026,13.7316666666667,0.780117583729815,8.212,1.46136135161705,0.726666666666667,0.133333333333333,0.000233333333333333,8.81917103688197e-05,0.103333333333333,0.0260341655863555,1.33666666666667,0.216204635575754,0.354333333333333,0.116382033741372,12.6,4.61627555503352,12.1333333333333,5.15310046908116,0.159333333333333,0.0872626940781556,24.8,5.7026309717533,4.02333333333333,1.71504454104778,6.59,2.71868227885006,0.00466666666666667,0.00166666666666667,NA,NA,0.347666666666667,0.086653204082583,NA,NA
2023-12-11,"Huhnerberg","02",6.82,NA,178.6,NA,26.768,NA,12.197,NA,1.16,NA,6e-04,NA,0.09,NA,1.45,NA,0.39,NA,3.1,NA,9.2,NA,0.34,NA,86.2,NA,3.11,NA,5.84,NA,0.006,NA,NA,NA,1.112,NA,NA,NA
2023-12-11,"Huhnerberg","04",7.35,NA,137.2,NA,16.196,NA,5.662,NA,0.44,NA,3e-04,NA,0.09,NA,3.33,NA,0.369,NA,11.1,NA,8.3,NA,0.08,NA,16.4,NA,3.21,NA,2.03,NA,0.003,NA,NA,NA,0.256,NA,NA,NA
2023-12-11,"Huhnerberg","08",6.76,NA,92.45,NA,14.711,NA,5.406,NA,0.5,NA,1e-04,NA,0.11,NA,1.49,NA,0.26,NA,1.5,NA,11.2,NA,0.174,NA,22.7,NA,4.51,NA,4.92,NA,0.007,NA,NA,NA,0.602,NA,NA,NA
2023-12-11,"Huhnerberg","12",6.91,NA,104.6,NA,13.233,NA,5.245,NA,0.53,NA,1e-04,NA,0.13,NA,1.96,NA,0.272,NA,6.1,NA,7.2,NA,0.086,NA,9.5,NA,3.06,NA,2.42,NA,0.004,NA,NA,NA,0.238,NA,NA,NA
2023-12-11,"Huhnerberg","20",7.44,NA,99.45,NA,17.001,NA,5.981,NA,0.49,NA,1e-04,NA,0.1,NA,1.71,NA,0.305,NA,3.2,NA,6.3,NA,0.104,NA,12,NA,2.49,NA,2.36,NA,0.004,NA,NA,NA,0.396,NA,NA,NA
2023-12-11,"Huhnerberg","30",7.59,NA,132.3,NA,8.951,NA,9.761,NA,0.81,NA,2e-04,NA,0.06,NA,1.42,NA,0.758,NA,3,NA,7.7,NA,0.067,NA,17.9,NA,3.29,NA,2.11,NA,0.004,NA,NA,NA,0.097,NA,NA,NA
2023-12-11,"Huhnerberg","50",7.46333333333333,0.128754719438853,168.833333333333,11.6109622531659,10.554,1.82525240263733,12.2973333333333,1.84822954322358,1.09333333333333,0.0829323686974982,0.000166666666666667,6.66666666666667e-05,0.243333333333333,0.158989866902824,1.42666666666667,0.394348971231207,0.375,0.0209841209807162,8.4,0.351188458428425,10.1666666666667,1.96497102042527,0.147333333333333,0.0586922292793329,31.6333333333333,12.2205200834953,4.60666666666667,0.570535810542258,4.33666666666667,0.667940449774113,0.00733333333333333,0.000333333333333333,NA,NA,0.139333333333333,0.0108985218161812,NA,NA
2023-12-11,"Lime","02",6.99333333333333,0.0185592145427668,199.366666666667,33.8154961190543,18.8846666666667,2.01772101914787,10.0476666666667,2.10745868550515,0.903333333333333,0.197005358077163,0.000166666666666667,3.33333333333333e-05,0.68,0.456106712659804,4.53,3.00004999958334,0.346333333333333,0.0903259529580385,12.7333333333333,4.55716773641017,24.8333333333333,3.75514461920059,0.206,0.0310859024854247,53.8333333333333,10.2178493062114,6.81666666666667,0.975044158544171,4.71666666666667,0.211843757939142,0.00666666666666667,0.000666666666666667,NA,NA,0.438,0.0732142973286866,NA,NA
2024-02-27,"Bolsdorfer","50",7.42,0.233023603954621,144.733333333333,14.035233442226,10.4183333333333,0.342841233096474,7.806,0.687760374936891,0.99,0.0862167810425171,0.000133333333333333,3.33333333333333e-05,0.113333333333333,0.0231396725224115,3.37666666666667,0.616774765300195,0.32,0.0702376916856849,1.6,0.1,4.871,0.437952432729096,0.0713333333333333,0.00176383420737639,16.9673333333333,1.70926030135196,1.661,0.0748487363509454,3.28,0.249968664702865,0.00133333333333333,0.000333333333333333,NA,NA,0.161666666666667,0.0280495593152152,NA,NA
2024-02-27,"Control","0",7.40666666666667,0.286899130551334,282.956666666667,197.788466661847,8.204,0.912399218178826,3.38966666666667,0.451738985600215,0.47,0.0351188458428425,1e-04,0,0.142,0.0319426569548204,1.52333333333333,0.192035876277788,0.89,0.60011110082495,1.46666666666667,0.0333333333333334,4.392,0.481757546213169,0.0566666666666667,0.00504424865014052,8.029,0.717542333245921,1.33633333333333,0.139322567367163,1.18433333333333,0.162148423091657,0.00133333333333333,0.000666666666666667,NA,NA,0.216666666666667,0.0269093127208985,NA,NA
2024-02-27,"Eifelgold","50",7.28,0.264575131106459,149.366666666667,38.4247027025295,10.524,2.46171187049446,5.699,0.759218238277594,0.703333333333333,0.104774890970011,1e-04,0,0.0773333333333333,0.0108063767182982,2.79666666666667,1.0335429894838,0.463333333333333,0.0617341972581738,1.76666666666667,0.266666666666667,4.913,1.12802497017279,0.0676666666666667,0.0190991564677024,13.4193333333333,2.21640537307095,1.806,0.373853358060795,2.26166666666667,0.318384114623271,0.00133333333333333,0.000333333333333333,NA,NA,0.204333333333333,0.0382985349299132,NA,NA
2024-02-27,"Huhnerberg","02",7.54,NA,176.8,NA,16.681,NA,7.683,NA,1.08,NA,3e-04,NA,0.107,NA,3.55,NA,0.36,NA,1.7,NA,3.207,NA,0.144,NA,31.807,NA,0.923,NA,1.805,NA,0.005,NA,NA,NA,0.409,NA,NA,NA
2024-02-27,"Huhnerberg","04",7.2,NA,88.53,NA,7.877,NA,4.774,NA,0.62,NA,3e-04,NA,0.07,NA,1.54,NA,0.39,NA,1.5,NA,4.043,NA,0.047,NA,10.019,NA,1.511,NA,0.927,NA,0.001,NA,NA,NA,0.196,NA,NA,NA
2024-02-27,"Huhnerberg","08",7.36,NA,90.91,NA,8.997,NA,4.418,NA,0.51,NA,3e-04,NA,0.026,NA,1.92,NA,0.27,NA,1,NA,3.869,NA,0.063,NA,12.068,NA,1.473,NA,1.076,NA,0.001,NA,NA,NA,0.266,NA,NA,NA
2024-02-27,"Huhnerberg","12",7.32,NA,83.1,NA,6.592,NA,4.884,NA,0.56,NA,2e-04,NA,0.043,NA,1.13,NA,0.31,NA,0.7,NA,4.565,NA,0.044,NA,7.93,NA,2.223,NA,1.368,NA,0.002,NA,NA,NA,0.147,NA,NA,NA
2024-02-27,"Huhnerberg","20",7.29,NA,142.6,NA,21.558,NA,8.087,NA,1.07,NA,2e-04,NA,0.13,NA,2.71,NA,0.3,NA,1.5,NA,8.243,NA,0.125,NA,12.838,NA,3.465,NA,1.772,NA,0.005,NA,NA,NA,0.435,NA,NA,NA
2024-02-27,"Huhnerberg","30",7.45,NA,120.8,NA,6.257,NA,7.648,NA,0.94,NA,3e-04,NA,0.104,NA,0.99,NA,0.47,NA,1.5,NA,4.939,NA,0.033,NA,10.547,NA,1.66,NA,1.02,NA,0.003,NA,NA,NA,0.045,NA,NA,NA
2024-02-27,"Huhnerberg","50",7.63666666666667,0.139204086785474,166.67,45.0698705715174,9.43666666666667,3.87348018941336,13.9263333333333,2.62614370851593,1.42,0.443057558337514,2e-04,1e-04,0.0813333333333333,0.0177043622998527,1.44666666666667,0.168259059521653,0.37,0.0650640709864771,1.4,0.1,8.39233333333333,2.05826863596028,0.064,0.0217944947177034,16.354,7.9259510470353,4.07466666666667,1.11680949335347,1.86366666666667,0.27435398869182,0.00366666666666667,0.000881917103688197,NA,NA,0.116,0.0345301800362137,NA,NA
2024-02-27,"Lime","02",7.41333333333333,0.127060790350306,160.333333333333,16.1590359998499,8.93466666666667,1.21945538846013,10.8483333333333,1.40058515548958,1.18,0.198578280114753,0.000366666666666667,8.81917103688197e-05,0.138333333333333,0.0163435342295084,2.31,0.42193996413392,0.363333333333333,0.105882534495124,1.56666666666667,0.0666666666666667,8.81466666666667,0.177563447189386,0.0616666666666667,0.0155599200226451,22.3596666666667,2.32002746631251,2.223,0.142071578203852,1.23033333333333,0.220016161022574,0.000666666666666667,0.000333333333333333,NA,NA,0.124666666666667,0.026766479866513,NA,NA
2024-07-22,"Bolsdorfer","50",7.19333333333333,0.0735602549690463,270.4,23.4163048607874,24.2103333333333,1.20545487034747,3.28933333333333,0.359018260136042,0.534666666666667,0.0615395085381019,0.00103333333333333,0.000600925212577332,0.252333333333333,0.106497782971186,17.2976666666667,2.41164247857025,0.64,0.0503322295684717,4.36666666666667,1.03655412036441,14.64,1.87334816126991,0.122666666666667,0.0212629045784228,28.89,2.37071719106265,3.75666666666667,0.50034432588413,5.41333333333333,2.17939084251642,0.00333333333333333,0.000333333333333333,NA,NA,0.317666666666667,0.0283568529832051,NA,NA
2024-07-22,"Control","0",7.32333333333333,0.0987139526330722,168.133333333333,19.2292601117267,22.672,0.678975944591068,3.322,0.989965655969943,0.601333333333333,0.0236737078727529,9e-04,0.000208166599946613,0.375666666666667,0.096514823271408,7.27933333333333,1.11983753782016,1.09666666666667,0.691817252683909,3.73333333333333,0.491030662088541,12.63,1.0797376224497,0.111333333333333,0.0224524188253985,14.6333333333333,1.49153537597262,3.04,0.19313207915828,2.07,0.353836120259083,0.00366666666666667,0.000666666666666667,NA,NA,0.304333333333333,0.0133208274684587,NA,NA
2024-07-22,"Eifelgold","50",7.20333333333333,0.12142670400058,280.633333333333,7.52979267827328,22.3376666666667,2.73003750482988,2.48066666666667,1.0748138340093,0.494666666666667,0.103391381544971,0.000666666666666667,0.000233333333333333,0.342333333333333,0.0903997295964491,18.889,2.71869165837786,0.613333333333333,0.094926872439321,5.13333333333333,0.712585277547732,19.0966666666667,1.34423873541041,0.09,0.0207444771766688,23.1166666666667,1.74195611629889,5.62,0.477912125813941,4.20666666666667,0.847768312165011,0.00366666666666667,0.000666666666666667,NA,NA,0.271,0.0185562208796224,NA,NA
2024-07-22,"Huhnerberg","02",7.46,NA,307.2,NA,70.957,NA,8.91,NA,1.442,NA,0.0011,NA,0.476,NA,9.015,NA,0.6,NA,5.9,NA,11.96,NA,0.384,NA,48.2,NA,3.17,NA,8.18,NA,0.009,NA,NA,NA,0.754,NA,NA,NA
2024-07-22,"Huhnerberg","04",7.51,NA,221.8,NA,22.285,NA,2.972,NA,0.588,NA,0.0015,NA,0.257,NA,12.982,NA,0.4,NA,4.9,NA,18.8,NA,0.116,NA,12.9,NA,5.52,NA,3.25,NA,0.005,NA,NA,NA,0.283,NA,NA,NA
2024-07-22,"Huhnerberg","08",7.06,NA,493.3,NA,23.127,NA,0.431,NA,0.332,NA,0.0016,NA,0.292,NA,17.004,NA,0.34,NA,5.3,NA,19.89,NA,0.102,NA,15.31,NA,5.67,NA,3.11,NA,0.004,NA,NA,NA,0.414,NA,NA,NA
2024-07-22,"Huhnerberg","12",7.2,NA,220.2,NA,24.818,NA,3.483,NA,0.662,NA,0.0016,NA,0.343,NA,12.673,NA,0.44,NA,1.5,NA,15.24,NA,0.098,NA,19.39,NA,4.5,NA,3.05,NA,0.003,NA,NA,NA,0.307,NA,NA,NA
2024-07-22,"Huhnerberg","20",7.28,NA,327.6,NA,33.009,NA,8.266,NA,1.036,NA,0.0011,NA,0.45,NA,19.212,NA,0.59,NA,3.8,NA,12.78,NA,0.125,NA,44.68,NA,3.97,NA,6.5,NA,0.008,NA,NA,NA,0.385,NA,NA,NA
2024-07-22,"Huhnerberg","30",7.3,NA,205,NA,18.396,NA,5.151,NA,0.544,NA,5e-04,NA,1.389,NA,10.015,NA,1.03,NA,1.5,NA,13.49,NA,0.077,NA,16.93,NA,4.29,NA,2.18,NA,0.004,NA,NA,NA,0.136,NA,NA,NA
2024-07-22,"Huhnerberg","50",7.19,0.151767365837763,230.3,14.9368671414055,19.847,1.35204992511371,4.31066666666667,0.935470885585317,0.550666666666667,0.179812247759835,0.00113333333333333,0.000484194634877798,0.277666666666667,0.11265039330207,14.323,1.82050112148643,0.75,0.175214154679352,4.16666666666667,0.185592145427667,17.4733333333333,4.05025650765205,0.0866666666666667,0.0108063767182982,17.7166666666667,2.92965489055926,4.35666666666667,0.893351989854938,2.38,0.451700490738424,0.00333333333333333,0.000333333333333333,NA,NA,0.219666666666667,0.0473896378734611,NA,NA
2024-07-22,"Lime","02",7.45,0.0173205080756889,204.466666666667,21.6142185712194,25.22,2.86635011818166,4.852,1.06062623011125,0.636,0.0812239701894295,0.00123333333333333,0.000448454134902457,0.322666666666667,0.0316877123047895,9.68933333333333,1.70331347020382,0.876666666666667,0.216743576093451,4.26666666666667,0.920748487795542,14.4933333333333,0.644368769503234,0.104,0.0135769412362775,19.3633333333333,2.96784059170599,3.74666666666667,0.350539267098249,2.71333333333333,0.943969161454853,0.00433333333333333,0.000881917103688197,NA,NA,0.330666666666667,0.0539948557220449,NA,NA
2024-08-19,"Bolsdorfer","50",6.60666666666667,0.515180658712176,192.8,22.6146707544756,20.4796666666667,2.43574330430044,4.64933333333333,0.374689352812581,0.533333333333333,0.0881917103688197,0.00037,0.000230723499742296,0.143,0.00871779788708135,9.75,2.23348009468035,0.536666666666667,0.0545690184791497,3.46666666666667,1.00388135642504,13.3166666666667,0.883484263835211,0.135,0.0198578280114753,18.62,1.90218295650024,3.615,0.398885112950249,5.16,1.8244495973672,0.00333333333333333,0.000333333333333333,NA,NA,0.291333333333333,0.0134453626867325,NA,NA
2024-08-19,"Control","0",7.11,0.113724814061547,198.633333333333,17.2310120938318,22.5236666666667,3.71826883254978,3.87,0.412014562849422,0.533333333333333,0.0333333333333333,0.000336666666666667,0.000163333333333333,0.139333333333333,0.00833333333333333,10.9966666666667,1.62387739000756,0.946666666666667,0.621994998193537,2.26666666666667,0.766666666666667,17.85,1.86527031106307,0.114666666666667,0.0134205480927983,13.2666666666667,1.3107292287544,5.09933333333333,0.513396965753056,2.31533333333333,0.611747860187876,0.00366666666666667,0.000333333333333333,NA,NA,0.313,0.087271606684725,NA,NA
2024-08-19,"Eifelgold","50",7.22333333333333,0.160450753954117,153.866666666667,17.6799635494848,23.842,3.08130102391831,5.843,0.621032473654425,0.633333333333333,0.0333333333333333,0.000366666666666667,8.81917103688197e-05,0.206,0.045508241011931,5.59,2.63651916991577,0.593333333333333,0.0333333333333333,2.03333333333333,0.533333333333333,12.07,0.515881123257416,0.136666666666667,0.0336171252654226,14.3566666666667,3.78031009897924,3.44233333333333,0.082288786869442,3.792,0.639500065155066,0.00366666666666667,0.000666666666666667,NA,NA,0.324333333333333,0.0117945373419694,NA,NA
2024-08-19,"Huhnerberg","02",7.33,NA,224.8,NA,57.934,NA,6.49,NA,0.9,NA,0.0013,NA,0.241,NA,5.63,NA,0.47,NA,5.7,NA,13.64,NA,0.362,NA,31.4,NA,3.598,NA,6.818,NA,0.006,NA,NA,NA,0.783,NA,NA,NA
2024-08-19,"Huhnerberg","04",7.19,NA,150.5,NA,23.294,NA,3.001,NA,0.5,NA,0.001,NA,0.113,NA,7.24,NA,0.79,NA,1.5,NA,14.5,NA,0.102,NA,8.658,NA,4.894,NA,2.193,NA,0.003,NA,NA,NA,0.356,NA,NA,NA
2024-08-19,"Huhnerberg","08",6.92,NA,167.3,NA,19.452,NA,4.426,NA,0.5,NA,0.0012,NA,0.151,NA,8.49,NA,0.26,NA,1.5,NA,15.65,NA,0.089,NA,10.32,NA,4.144,NA,2.307,NA,0.004,NA,NA,NA,0.307,NA,NA,NA
2024-08-19,"Huhnerberg","12",7.1,NA,171.9,NA,22.161,NA,5.384,NA,0.7,NA,9e-04,NA,0.162,NA,7.62,NA,0.47,NA,1.5,NA,13.6,NA,0.122,NA,16.28,NA,3.857,NA,2.799,NA,0.005,NA,NA,NA,0.321,NA,NA,NA
2024-08-19,"Huhnerberg","20",6.96,NA,209.4,NA,42.79,NA,8.557,NA,1,NA,8e-04,NA,0.199,NA,7.66,NA,0.5,NA,1.5,NA,13.8,NA,0.232,NA,25.06,NA,4.234,NA,5.141,NA,0.009,NA,NA,NA,0.531,NA,NA,NA
2024-08-19,"Huhnerberg","30",7.37,NA,151.6,NA,10.969,NA,9.247,NA,0.9,NA,8e-04,NA,0.129,NA,5.57,NA,0.81,NA,1.5,NA,15.21,NA,0.08,NA,11.01,NA,3.995,NA,1.929,NA,0.004,NA,NA,NA,0.101,NA,NA,NA
2024-08-19,"Huhnerberg","50",6.95333333333333,0.146211414663075,192.566666666667,26.6912178648917,16.333,2.3875670322178,7.06066666666667,0.996324132889381,0.633333333333333,0.0333333333333333,0.000466666666666667,8.81917103688197e-05,0.317,0.085231058501777,9.63666666666667,1.27861035677193,0.583333333333333,0.116666666666667,3.6,1.21243556529821,16.7633333333333,4.37883673035558,0.098,0.0174355957741627,14.1533333333333,3.83881202688772,4.83233333333333,0.849534251483979,2.72266666666667,0.481783261551407,0.00266666666666667,0.000333333333333333,NA,NA,0.203,0.0347035060668707,NA,NA
2024-08-19,"Lime","02",7.16666666666667,0.0145296631451358,176.4,45.8994916456962,18.508,2.863457176212,5.08733333333333,0.728612913540364,0.566666666666667,0.0333333333333333,0.000636666666666667,0.000372841938508949,0.117,0.0194250697124446,8.71,3.17192370652259,0.693333333333333,0.16904963110808,3.5,2,15.47,2.52879417905056,0.097,0.0275741424768447,12.7016666666667,4.26363140735427,4.20633333333333,0.800125892872143,3.17033333333333,1.56435730502267,0.00366666666666667,0.000333333333333333,NA,NA,0.214666666666667,0.0138363450536782,NA,NA
2024-09-23,"Bolsdorfer","50",7.18666666666667,0.0371184290855335,180.033333333333,32.5439361137797,15.0456666666667,2.46417939913293,3.81933333333333,0.190817830520223,0.433333333333333,0.0666666666666667,3e-04,0.000115470053837925,0.0936666666666667,0.0138604152575279,8.29666666666667,1.70290275053444,0.53,0.0404145188432738,4.1,1.9,14.06,2.4534261757795,0.099,0.000577350269189626,14.75,4.79067149085943,3.73866666666667,0.453718831191496,6.559,2.61292600992323,0.00366666666666667,0.000666666666666667,NA,NA,0.241333333333333,0.0478759972335941,NA,NA
2024-09-23,"Control","0",6.73333333333333,0.492691023304103,166.666666666667,12.1496684911336,12.8093333333333,1.20394038242948,3.632,0.676498583393442,0.433333333333333,0.0333333333333333,0.000166666666666667,6.66666666666667e-05,0.0983333333333333,0.0216512765854066,8.54333333333333,0.834672257702254,0.693333333333333,0.373333333333333,2.86666666666667,0.698410894658565,13.92,0.961474561979324,0.088,0.0119303534454489,12.4166666666667,1.97741694586088,3.84433333333333,0.340495880216552,1.86133333333333,0.189084049506503,0.00366666666666667,0.000881917103688197,NA,NA,0.232,0.0254230866208911,NA,NA
2024-09-23,"Eifelgold","50",7.22,0.111504857891185,154.433333333333,13.7666666666667,19.6013333333333,1.2375694368847,4.68566666666667,0.331331824275571,0.5,0.0577350269189626,0.000366666666666667,0.000120185042515466,0.153,0.0680220552468095,4.91666666666667,1.53336594168226,0.586666666666667,0.072188026092359,2.9,0.781024967590666,10.49,1.35019751641504,0.143,0.0366787858759438,18.8596666666667,5.23568430208613,2.98166666666667,0.281780253231328,5.21866666666667,0.94396368809634,0.00366666666666667,0.000666666666666667,NA,NA,0.318666666666667,0.0132957804501194,NA,NA
2024-09-23,"Huhnerberg","02",7.02,NA,204.7,NA,15.291,NA,3.561,NA,0.3,NA,1e-04,NA,0.115,NA,9.76,NA,0.26,NA,9.1,NA,19.33,NA,0.079,NA,15.73,NA,5.643,NA,3.676,NA,0.003,NA,NA,NA,0.27,NA,NA,NA
2024-09-23,"Huhnerberg","04",7.43,NA,140,NA,9.703,NA,3.379,NA,0.2,NA,1e-04,NA,0.043,NA,7.86,NA,0.39,NA,1.5,NA,12.35,NA,0.07,NA,11.659,NA,3.659,NA,1.843,NA,0.003,NA,NA,NA,0.212,NA,NA,NA
2024-09-23,"Huhnerberg","08",6.81,NA,213,NA,12.466,NA,3.555,NA,0.2,NA,1e-04,NA,0.183,NA,14.92,NA,0.28,NA,3,NA,18.84,NA,0.07,NA,16.43,NA,5.755,NA,1.859,NA,0.002,NA,NA,NA,0.258,NA,NA,NA
2024-09-23,"Huhnerberg","12",7.11,NA,178.3,NA,15.416,NA,3.187,NA,0.2,NA,1e-04,NA,0.124,NA,10.73,NA,0.4,NA,1.5,NA,13.5,NA,0.113,NA,18.72,NA,4.223,NA,2.672,NA,0.003,NA,NA,NA,0.315,NA,NA,NA
2024-09-23,"Huhnerberg","20",7.05,NA,179.1,NA,16.566,NA,3.607,NA,0.4,NA,1e-04,NA,0.083,NA,9.58,NA,0.48,NA,6,NA,14.52,NA,0.097,NA,17.22,NA,4.598,NA,2.465,NA,0.004,NA,NA,NA,0.322,NA,NA,NA
2024-09-23,"Huhnerberg","30",6.78,NA,118.6,NA,8.386,NA,7.264,NA,0.7,NA,4e-04,NA,0.085,NA,3.19,NA,0.79,NA,1.5,NA,13.46,NA,0.066,NA,8.02,NA,3.145,NA,1.141,NA,0.002,NA,NA,NA,0.095,NA,NA,NA
2024-09-23,"Huhnerberg","50",7.04333333333333,0.17741977842895,208.733333333333,20.4487435093482,16.235,2.6783475004811,4.24233333333333,0.869262970056306,0.5,0.152752523165195,1e-04,0,0.224333333333333,0.104502525222015,11.78,1.39924979899945,0.61,0.0608276253029822,3.76666666666667,0.0881917103688196,16.4666666666667,2.31880956048093,0.105666666666667,0.0117945373419694,20.6633333333333,1.72281101046452,4.94033333333333,0.537279980808682,3.27966666666667,0.883862797296302,0.00433333333333333,0.000881917103688197,NA,NA,0.250666666666667,0.0338247115451279,NA,NA
2024-09-23,"Lime","02",7.23666666666667,0.061734197258174,182.233333333333,58.4453686027482,14.329,1.35208074216495,4.20433333333333,0.861108071679224,0.4,0.1,0.000133333333333333,3.33333333333333e-05,0.108333333333333,0.00753510303697154,11.3766666666667,6.27385403435914,0.736666666666667,0.208513255640445,2.66666666666667,1.16666666666667,16.3966666666667,3.54723523011624,0.0856666666666667,0.019341952101872,14.6356666666667,5.3396231556585,5.023,1.71748925275628,2.19466666666667,0.653734485688018,0.00366666666666667,0.000333333333333333,NA,NA,0.212,0.0030550504633039,NA,NA
2024-12-10,"Bolsdorfer","50",7.65,0.0907377172587745,166.8,25.2766690843552,14.66,3.21475991845944,12.4606666666667,3.51166059167328,1.23333333333333,0.290593262902712,0.0011,NA,0.113333333333333,0.0352766841475279,2.42,0.552449092677325,0.403333333333333,0.0837323779138698,4.26666666666667,0.578311719096582,8.66666666666667,1.76039137062693,0.123333333333333,0.0486632418886279,22.0633333333333,5.14279215126483,2.33166666666667,0.494567263148075,9.40566666666667,1.33884232745226,0.003,0.001,NA,NA,0.226333333333333,0.0674915632587593,NA,NA
2024-12-10,"Control","0",7.16,0.0754983443527074,109.133333333333,4.56118892882595,13.5916666666667,2.47666929116057,5.71833333333333,0.205924203962958,0.566666666666667,0.0333333333333333,0.00045,0.000204124145231932,0.0733333333333333,0.0120185042515466,2.26666666666667,0.235395648029251,1.03666666666667,0.646666666666667,4.7,0.404145188432738,6.8,0.253574446662119,0.0796666666666667,0.0156773013550731,14.9533333333333,1.4515776857536,1.84566666666667,0.125464913200641,3.30133333333333,0.418336520572188,0.00233333333333333,0.000333333333333333,NA,NA,0.242333333333333,0.0681281472259773,NA,NA
2024-12-10,"Eifelgold","50",7.46333333333333,0.0448454134902455,113.97,10.8768668895658,12.742,1.1584473804767,6.71833333333333,1.53184968075998,0.766666666666667,0.0881917103688197,6e-04,0.000244948974278318,0.106666666666667,0.02185812841434,2.09333333333333,0.1354416643594,0.316666666666667,0.0517472489875334,4.2,0.244948974278318,7.76333333333333,1.31266057218832,0.0933333333333333,0.0275095942859537,11.7346666666667,0.936629655259277,1.97766666666667,0.296667228463887,5.58,0.025813433195399,0.003,0.000577350269189626,NA,NA,0.221666666666667,0.0157197681634021,NA,NA
2024-12-10,"Huhnerberg","02",7.73,NA,163.1,NA,18.806,NA,10.401,NA,1.1,NA,NA,NA,0.1,NA,2.54,NA,0.52,NA,5.4,NA,6.45,NA,0.123,NA,32.07,NA,1.577,NA,5.493,NA,0.005,NA,NA,NA,0.313,NA,NA,NA
2024-12-10,"Huhnerberg","04",7.21,NA,87.35,NA,12.601,NA,4.048,NA,0.4,NA,NA,NA,0.04,NA,1.85,NA,0.55,NA,3.4,NA,7.09,NA,0.082,NA,7.587,NA,2.166,NA,2.358,NA,0.003,NA,NA,NA,0.264,NA,NA,NA
2024-12-10,"Huhnerberg","08",7.09,NA,99.98,NA,19.654,NA,4.911,NA,0.6,NA,NA,NA,0.07,NA,2.14,NA,0.23,NA,5,NA,7.56,NA,0.122,NA,10.78,NA,2.141,NA,3.36,NA,0.003,NA,NA,NA,0.509,NA,NA,NA
2024-12-10,"Huhnerberg","12",7.15,NA,115.6,NA,15.981,NA,5.979,NA,0.6,NA,3e-04,NA,0.06,NA,2.88,NA,0.35,NA,4.3,NA,7.76,NA,0.105,NA,12.88,NA,2.506,NA,3.717,NA,0.003,NA,NA,NA,0.327,NA,NA,NA
2024-12-10,"Huhnerberg","20",7.41,NA,103.9,NA,17.627,NA,4.243,NA,0.6,NA,2e-04,NA,0.14,NA,2.21,NA,0.34,NA,5.6,NA,8.14,NA,0.114,NA,11.51,NA,2.511,NA,2.468,NA,0.004,NA,NA,NA,0.418,NA,NA,NA
2024-12-10,"Huhnerberg","30",7.51,NA,109.5,NA,10.158,NA,6.963,NA,0.6,NA,NA,NA,0.06,NA,1.38,NA,0.76,NA,3.3,NA,8.47,NA,0.059,NA,10.42,NA,2.111,NA,3.807,NA,0.003,NA,NA,NA,0.089,NA,NA,NA
2024-12-10,"Huhnerberg","50",7.61666666666667,0.0592546294487707,145.6,18.2403399091135,11.105,1.02806679419838,8.90666666666667,1.65193546416855,0.9,0.152752523165195,3e-04,8.16496580927726e-05,0.0933333333333333,0.00881917103688197,3.4,0.629629520697158,0.42,0.0721110255092798,3.9,0.529150262212918,10.2066666666667,2.09884359694677,0.0813333333333333,0.0113920049937567,14.5,3.25075888575781,3.982,0.640758144700479,3.711,0.630634865301098,0.00733333333333333,0.00145296631451356,NA,NA,0.128,0.0132035348802256,NA,NA
2024-12-10,"Lime","02",7.49333333333333,0.0643773597194265,134.75,29.2568937745163,14.3443333333333,1.1292477338673,9.19366666666667,3.42349803238994,0.933333333333333,0.240370085030933,4e-04,NA,0.0633333333333333,0.00333333333333334,1.95,0.181475434517549,0.686666666666667,0.178169706865237,4.8,0.1,10.97,2.81174323152026,0.0833333333333333,0.0163333333333333,14.679,3.31660886046777,2.77333333333333,0.649472178858426,3.762,1.06789247273934,0.00266666666666667,0.000666666666666667,NA,NA,0.199333333333333,0.0248350111290045,NA,NA
2025-11-14,"Bolsdorfer","50",7.71666666666667,0.141931125706958,188.866666666667,74.0739570369446,24.1931666666667,7.91461433748424,7.62625,1.38867850851088,0.7,0.1,NA,NA,NA,NA,NA,NA,NA,NA,NA,NA,12.6236666666667,4.07782132734844,0.135,0.0450814078455114,12.8343333333333,4.78706257647747,2.79633333333333,0.957670147342555,13.6093333333333,3.79091023956575,0.004,0,NA,NA,0.274333333333333,0.152068332593534,NA,NA
2025-11-14,"Control","0",7.4,0.0916515138991168,238.133333333333,51.0488763615594,15.9401666666667,1.7626712997922,4.19325,0.446766158073774,0.3,0,NA,NA,NA,NA,NA,NA,NA,NA,NA,NA,19.006,6.25730687543238,0.0783333333333333,0.0116666666666667,13.2,0.85873938615469,5.01533333333333,1.91344064739702,6.42,1.29286709809374,0.002,0,NA,NA,0.205666666666667,0.0291795209769531,NA,NA
2025-11-14,"Eifelgold","50",7.77,NA,99.06,NA,6.962,1.75016042121858,4.78925,1.91223499253273,0.5,NA,NA,NA,NA,NA,NA,NA,NA,NA,NA,NA,10.4,NA,0.066,NA,4.559,NA,1.629,NA,4.031,NA,0.002,NA,NA,NA,0.081,NA,NA,NA
2025-11-14,"Huhnerberg","02",7.73,NA,142.1,NA,27.4575,NA,6.39925,NA,0.6,NA,NA,NA,NA,NA,NA,NA,NA,NA,NA,NA,9.158,NA,0.135,NA,15.76,NA,2.378,NA,5.139,NA,0.003,NA,NA,NA,0.377,NA,NA,NA
2025-11-14,"Huhnerberg","04",7.39,NA,193,NA,16.5025,NA,3.57225,NA,0.3,NA,NA,NA,NA,NA,NA,NA,NA,NA,NA,NA,17.64,NA,0.074,NA,8.12,NA,6.01,NA,3.908,NA,0.003,NA,NA,NA,0.239,NA,NA,NA
2025-11-14,"Huhnerberg","08",7.31,NA,216.4,NA,17.0205,NA,4.05525,NA,0.3,NA,NA,NA,NA,NA,NA,NA,NA,NA,NA,NA,20.83,NA,0.073,NA,8.378,NA,5.458,NA,5.648,NA,0.002,NA,NA,NA,0.224,NA,NA,NA
2025-11-14,"Huhnerberg","12",7.21,NA,210,NA,17.7675,NA,4.01525,NA,0.3,NA,NA,NA,NA,NA,NA,NA,NA,NA,NA,NA,17.58,NA,0.088,NA,7.257,NA,5.97,NA,7.235,NA,0.003,NA,NA,NA,0.223,NA,NA,NA
2025-11-14,"Huhnerberg","20",7.38,NA,219.6,NA,15.3675,NA,4.02725,NA,0.2,NA,NA,NA,NA,NA,NA,NA,NA,NA,NA,NA,18.24,NA,0.072,NA,13.38,NA,5.639,NA,4.737,NA,0.003,NA,NA,NA,0.217,NA,NA,NA
2025-11-14,"Huhnerberg","30",7.4,NA,389.8,NA,26.2215,NA,5.60125,NA,0.5,NA,NA,NA,NA,NA,NA,NA,NA,NA,NA,NA,29.81,NA,0.108,NA,24.95,NA,10.56,NA,8.387,NA,0.008,NA,NA,NA,0.126,NA,NA,NA
2025-11-14,"Huhnerberg","50",7.57,0.127410099024109,96.1766666666667,8.77183054505222,14.7211666666667,1.65984560861679,5.33625,1.12518131872156,0.433333333333333,0.0881917103688197,NA,NA,NA,NA,NA,NA,NA,NA,NA,NA,9.182,0.553369075150874,0.094,0.00264575131106459,5.01566666666667,0.824606842346366,2.36033333333333,0.300757007861459,3.46333333333333,0.437101945901767,0.003,0.000577350269189626,NA,NA,0.181333333333333,0.0267353282713674,NA,NA
2025-11-14,"Lime","02",7.43666666666667,0.180954260641866,442.266666666667,142.774184563519,24.3635,6.74298274751859,4.25925,1.2037625734892,0.333333333333333,0.120185042515466,NA,NA,NA,NA,NA,NA,NA,NA,NA,NA,43.37,14.6710099629621,0.065,0.0160934769394311,18.0233333333333,5.39632694009958,11.635,4.59628201194545,9.26433333333333,2.09076352347919,0.00333333333333333,0.000333333333333333,NA,NA,0.137,0.0398873413503583,NA,NA
