"rbf..","sample.ID","date.fractionation","Plot","Sampling_year","SOM_fraction","mass.filter.s.","mass.filter.s.....dried.som","mass.som.on.filter","mass.som.on.filter.corr","mass.soil","mass.soil.corr","mass.rbf...som.fraction.freeze.dried","mass.som.fraction","total.mass.som.fractions","moisture_content","mass_rbf","Tmt","App_rate","Basalt_type_exp","Dose_resp_exp","recovery_percent","fraction_prop","core_id","Ctotal","Ntotal","CN","C_bulk","N_bulk","CN_bulk","Cprop","Nprop"
4,"1_2023_fPOM","03/03/2026",1,2023,"fPOM",0.102,0.111,"0.009",0.009,14.97,14.86646652192,104.622,0.147000000000006,14.814,0.006916064,104.484,"Control","0","Y","Y",99.6470814242063,0.992304576751759,"1_2023",28.87365341,1.788713574,16.1421335588299,2.22,0.16,13.875,12.9060623541834,11.0934291623637
2,"1_2023_oPOM","03/03/2026",1,2023,"oPOM",0.219,0.245,"0.026",0.026,14.97,14.86646652192,104.196,0.247,14.814,0.006916064,103.975,"Control","0","Y","Y",99.6470814242063,1.66734170379371,"1_2023",36.53,2.39,15.2845188284519,2.22,0.16,13.875,27.4360326304433,24.9059167004185
18,"1_2023_MAOM","03/03/2026",1,2023,"MAOM",NA,NA,"#VALUE!",0,14.97,14.86646652192,189.51,14.42,14.814,0.006916064,175.09,"Control","0","Y","Y",99.6470814242063,97.3403537194545,"1_2023",1.1,0.08,13.75,2.22,0.16,13.875,48.2317067979279,48.6701768597273
9,"5_2023_fPOM","03/03/2026",5,2023,"fPOM",0.106,0.103,"-0.003",0,13.43,13.32809921693,106.56,0.131,13.271,0.007587549,106.429,"Control","0","N","Y",99.5715876960348,0.987114761510062,"5_2023",28.21786118,1.791419148,15.7516800082791,2.33,0.17,13.7058823529412,11.9546211626694,10.4019781473093
3,"5_2023_oPOM","03/03/2026",5,2023,"oPOM",0.218,0.277,"0.059",0.059,13.43,13.32809921693,106.717,0.259999999999991,13.271,0.007587549,106.516,"Control","0","N","Y",99.5715876960348,1.95915906864585,"5_2023",38.9,2.54,15.3149606299213,2.33,0.17,13.7058823529412,32.7087071975638,29.272141378591
13,"5_2023_MAOM","03/03/2026",5,2023,"MAOM",NA,NA,"#VALUE!",0,13.43,13.32809921693,175.43,12.88,13.271,0.007587549,162.55,"Control","0","N","Y",99.5715876960348,97.0537261698441,"5_2023",1.03,0.08,12.875,2.33,0.17,13.7058823529412,42.9035785214332,45.6723417269855
47,"11_2023_fPOM","11/03/2026",11,2023,"fPOM",0.108,0.121,"0.013",0.013,9.02,8.94672394638,97.751,0.182000000000016,9.20900000000005,0.008123731,97.582,"Control","0","Y","Y",102.931531756115,1.97632750570111,"11_2023",15.61766243,1.041933417,14.9891175147903,2.57,0.18,14.2777777777778,12.0099672510365,11.4400092840347
61,"11_2023_oPOM","11/03/2026",11,2023,"oPOM",0.106,0.449,"0.343",0.343,9.02,8.94672394638,104.723,0.457000000000008,9.20900000000005,0.008123731,104.609,"Control","0","Y","Y",102.931531756115,4.96253664893045,"11_2023",38.55,2.48,15.5443548387097,2.57,0.18,14.2777777777778,74.4380497339568,68.3727271630418
55,"11_2023_MAOM","11/03/2026",11,2023,"MAOM",NA,NA,"#VALUE!",0,9.02,8.94672394638,183.05,8.57000000000002,9.20900000000005,0.008123731,174.48,"Control","0","Y","Y",102.931531756115,93.0611358453684,"11_2023",1.16,0.08,14.5,2.57,0.18,14.2777777777778,42.0042480858472,41.3605048201638
6,"15_2023_fPOM","11/03/2026",15,2023,"fPOM",0.107,0.116,"0.009",0.009,9.9,9.8318302929,105.854,0.177999999999997,9.97500000000001,0.006885829,105.685,"Control","0","Y","N",101.456185703321,1.78446115288218,"15_2023",10.11395168,0.567053199,17.8359838156913,2.17,0.16,13.5625,8.31702943552416,6.32427753270666
62,"15_2023_oPOM","11/03/2026",15,2023,"oPOM",0.108,0.252,"0.144",0.144,9.9,9.8318302929,103.622,0.177000000000007,9.97500000000001,0.006885829,103.589,"Control","0","Y","N",101.456185703321,1.77443609022563,"15_2023",40.05,2.52,15.8928571428571,2.17,0.16,13.5625,32.7493849831965,27.9473684210537
65,"15_2023_MAOM","11/03/2026",15,2023,"MAOM",NA,NA,"#VALUE!",0,9.9,9.8318302929,187.52,9.62,9.97500000000001,0.006885829,177.9,"Control","0","Y","N",101.456185703321,96.4411027568922,"15_2023",1.37,0.11,12.4545454545455,2.17,0.16,13.5625,60.8867791598813,66.3032581453634
1,"17_2023_fPOM","04/03/2026",17,2023,"fPOM",0.112,0.116,"0.004",0.004,9.03,8.97293839155,97.776,0.207000000000008,8.94400000000003,0.006319115,97.573,"Control","0","Y","N",99.6774925861831,2.31440071556359,"17_2023",23.25913811,1.450963497,16.0301331894913,2.04,0.15,13.6,26.3877283750864,22.387406371423
14,"17_2023_oPOM","04/03/2026",17,2023,"oPOM",0.109,0.116,"0.007",0.007,9.03,8.97293839155,167.87,0.0570000000000164,8.94400000000003,0.006319115,167.82,"Control","0","Y","N",99.6774925861831,0.637298747764045,"17_2023",39.56,2.77,14.2815884476534,2.04,0.15,13.6,12.3585972850714,11.7687835420427
12,"17_2023_MAOM","04/03/2026",17,2023,"MAOM",NA,NA,"#VALUE!",0,9.03,8.97293839155,170.87,8.68000000000001,8.94400000000003,0.006319115,162.19,"Control","0","Y","N",99.6774925861831,97.0483005366724,"17_2023",0.76,0.06,12.6666666666667,2.04,0.15,13.6,36.1552492195446,38.8193202146689
138,"21_2023_fPOM","25/03/2026",21,2023,"fPOM",0.109,0.12,"0.011",0.011,9.35,NA,104.271,0.105999999999995,9.55799999999998,NA,104.176,"Control","0","Y","N",NA,1.10901862314286,"21_2023",21.52629471,1.230434418,17.4948736763961,2.03,0.15,13.5333333333333,11.7601289264294,9.09716456078633
68,"21_2023_oPOM","25/03/2026",21,2023,"oPOM",0.107,0.315,"0.208",0.208,9.35,NA,103.705,0.381999999999991,9.55799999999998,NA,103.531,"Control","0","Y","N",NA,3.9966520192508,"21_2023",23.26,1.55,15.0064516129032,2.03,0.15,13.5333333333333,45.7941507230412,41.2987375322583
75,"21_2023_MAOM","25/03/2026",21,2023,"MAOM",NA,NA,"#VALUE!",0,9.35,NA,182.14,9.06999999999999,9.55799999999998,NA,173.07,"Control","0","Y","N",NA,94.8943293576063,"21_2023",1.04,0.08,13,2.03,0.15,13.5333333333333,48.6158140551284,50.6103089907234
133,"1_2025_fPOM","25/03/2026",1,2025,"fPOM",0.109,0.115,"0.006",0.006,7.07,7.07,105.213,0.0779999999999887,7.13399999999999,0,105.141,"Control","0","Y","Y",100.905233380481,1.09335576114366,"1_2025",21.98509598,1.365091085,16.1052227368403,1.758235097,0.171819937666667,11.133139717343,13.6713977499616,8.68659494665942
126,"1_2025_oPOM","25/03/2026",1,2025,"oPOM",0.104,0.293,"0.189",0.189,7.07,7.07,106.616,0.275999999999996,7.13399999999999,0,106.529,"Control","0","Y","Y",100.905233380481,3.8687973086627,"1_2025",23.75,1.53,15.5228758169935,1.758235097,0.171819937666667,11.133139717343,52.259186634095,34.4503668354099
155,"1_2025_MAOM","25/03/2026",1,2025,"MAOM",NA,NA,"#VALUE!",0,7.07,7.07,179.61,6.78,7.13399999999999,0,172.83,"Control","0","Y","Y",100.905233380481,95.0378469301936,"1_2025",1,0.08,12.5,1.758235097,0.171819937666667,11.133139717343,54.052980225655,44.2499738835052
153,"2_2025_fPOM","23/03/2026",2,2025,"fPOM",0.107,0.115,"0.008",0.008,10.12,10.03681817424,106.115,0.100999999999985,10.337,0.008219548,106.022,"Eifelgold","50","Y","N",102.990806653551,0.977072651639598,"2_2025",21.82302094,1.283495307,17.0028054025444,2.53305415266667,0.213078048333333,11.9169764789029,8.4177738222394,5.88548737322599
151,"2_2025_oPOM","23/03/2026",2,2025,"oPOM",0.107,0.496,"0.389",0.389,10.12,10.03681817424,106.723,0.565999999999988,10.337,0.008219548,106.546,"Eifelgold","50","Y","N",102.990806653551,5.47547644384241,"2_2025",32.49,2.09,15.5454545454545,2.53305415266667,0.213078048333333,11.9169764789029,70.2307250214758,53.706826475754
149,"2_2025_MAOM","23/03/2026",2,2025,"MAOM",NA,NA,"#VALUE!",0,10.12,10.03681817424,174.07,9.66999999999999,10.337,0.008219548,164.4,"Eifelgold","50","Y","N",102.990806653551,93.547450904518,"2_2025",1.28,0.09,14.2222222222222,2.53305415266667,0.213078048333333,11.9169764789029,47.2712898900034,39.5126135576188
166,"3_2025_fPOM","09/04/2026",3,2025,"fPOM",0.107,0.125,"0.018",0.018,9.16,9.07100433456,104.536,0.102000000000004,9.453,0.009715684,104.452,"Huhnerberg","2","N","Y",104.211172780335,1.0790225325294,"3_2025",30.473629,2.124560833,14.3434956187955,3.221543094,0.286069034666667,11.299039442774,10.206826784401,8.01362165327551
167,"3_2025_oPOM","09/04/2026",3,2025,"oPOM",0.106,0.381,"0.275",0.275,9.16,9.07100433456,106.147,0.531000000000006,9.453,0.009715684,105.891,"Huhnerberg","2","N","Y",104.211172780335,5.61726436052053,"3_2025",22.27,1.52,14.6513157894737,3.221543094,0.286069034666667,11.299039442774,38.8312289044898,29.8467879892703
165,"3_2025_MAOM","09/04/2026",3,2025,"MAOM",NA,NA,"#VALUE!",0,9.16,9.07100433456,181.87,8.81999999999999,9.453,0.009715684,173.05,"Huhnerberg","2","N","Y",104.211172780335,93.3037131069501,"3_2025",1.52,0.11,13.8181818181818,3.221543094,0.286069034666667,11.299039442774,44.0228920689285,35.8773834215354
20,"4_2025_fPOM","05/03/2026",4,2025,"fPOM",0.11,0.108,"-0.002",0,9.03,8.96984662791,104.681,0.039999999999992,8.91,0.006661503,104.641,"Bolsdorfer","50","Y","N",99.332802104734,0.448933782267026,"4_2025",21.38476563,1.256199718,17.0233803778007,1.52503511366667,0.152914272,10.1185034104347,6.29516240717078,3.68801736625677
32,"4_2025_oPOM","05/03/2026",4,2025,"oPOM",0.108,NA,"-0.108",0,9.03,8.96984662791,175.58,0.0700000000000216,8.91,0.006661503,175.51,"Bolsdorfer","50","Y","N",99.332802104734,0.785634118967695,"4_2025",29.85,1.91,15.6282722513089,1.52503511366667,0.152914272,10.1185034104347,15.3774678635442,9.81308773603747
15,"4_2025_MAOM","05/03/2026",4,2025,"MAOM",NA,NA,"#VALUE!",0,9.03,8.96984662791,179.6,8.79999999999998,8.91,0.006661503,170.8,"Bolsdorfer","50","Y","N",99.332802104734,98.7654320987653,"4_2025",1.44,0.1,14.4,1.52503511366667,0.152914272,10.1185034104347,93.2583262822551,64.5887599679154
164,"5_2025_fPOM","07/04/2026",5,2025,"fPOM",0.107,0.115,"0.008",0.008,9.03,8.85656626218,102.712,0.111000000000004,9.206,0.019206394,102.609,"Huhnerberg","4","N","Y",103.945476468823,1.20573538996311,"5_2025",19.28105164,1.199260235,16.0774543149928,1.982048652,0.209305415333333,13.0914265177228,11.7292006402547,6.90851932718578
163,"5_2025_oPOM","07/04/2026",5,2025,"oPOM",0.108,0.4,"0.292",0.292,9.03,8.85656626218,106.048,0.39500000000001,9.206,0.019206394,105.945,"Huhnerberg","4","N","Y",103.945476468823,4.29067999131012,"5_2025",24.8,1.62,15.3086419753086,1.982048652,0.209305415333333,13.0914265177228,53.6863026430348,33.2093728910578
157,"5_2025_MAOM","07/04/2026",5,2025,"MAOM",NA,NA,"#VALUE!",0,9.03,8.85656626218,184.67,8.69999999999999,9.206,0.019206394,175.97,"Huhnerberg","4","N","Y",103.945476468823,94.5035846187268,"5_2025",1.32,0.1,13.2,1.982048652,0.209305415333333,13.0914265177228,62.9372702687418,45.1510461247375
21,"6_2025_fPOM","05/03/2026",6,2025,"fPOM",0.107,0.115,"0.008",0.008,9.01,8.94580661518,106.168,0.161000000000001,9.03100000000001,0.007124682,106.015,"Lime","2","Y","N",100.952327593081,1.78274831137195,"6_2025",10.20723343,0.655251801,15.5775740172288,2.455962823,0.470408161333333,5.34560732092079,7.40928485997358,2.48326695362844
24,"6_2025_oPOM","05/03/2026",6,2025,"oPOM",0.109,0.11,"0.001",0.001,9.01,8.94580661518,107.629,0.0500000000000114,9.03100000000001,0.007124682,107.58,"Lime","2","Y","N",100.952327593081,0.553648543904455,"6_2025",26.51,1.77,14.9774011299435,2.455962823,0.470408161333333,5.34560732092079,5.97615841797582,2.08320774013205
19,"6_2025_MAOM","05/03/2026",6,2025,"MAOM",NA,NA,"#VALUE!",0,9.01,8.94580661518,186.12,8.81999999999999,9.03100000000001,0.007124682,177.3,"Lime","2","Y","N",100.952327593081,97.6636031447236,"6_2025",1.56,0.12,13,2.455962823,0.470408161333333,5.34560732092079,62.0348237680831,24.913752227743
122,"7_2025_fPOM","20/03/2026",7,2025,"fPOM",0.107,0.119,"0.012",0.012,9.14,9.06460955088,107.581,0.046999999999997,9.44999999999999,0.008248408,107.546,"Huhnerberg","8","N","Y",104.251594588347,0.497354497354467,"7_2025",17.69569206,1.035994768,17.0808701033903,2.22225751466667,0.571799775333333,6.24295913194713,3.96040151591561,0.901113780256605
128,"7_2025_oPOM","20/03/2026",7,2025,"oPOM",0.107,0.365,"0.258",0.258,9.14,9.06460955088,103.803,0.492999999999995,9.44999999999999,0.008248408,103.568,"Huhnerberg","8","N","Y",104.251594588347,5.21693121693117,"7_2025",16.4,0.99,16.5656565656566,2.22225751466667,0.571799775333333,6.24295913194713,38.5003409339375,9.03246578183952
127,"7_2025_MAOM","20/03/2026",7,2025,"MAOM",NA,NA,"#VALUE!",0,9.14,9.06460955088,184,8.91,9.44999999999999,0.008248408,175.09,"Huhnerberg","8","N","Y",104.251594588347,94.2857142857144,"7_2025",1.32,0.1,13.2,2.22225751466667,0.571799775333333,6.24295913194713,56.0048248394882,16.489288445549
125,"8_2025_fPOM","20/03/2026",8,2025,"fPOM",0.109,0.124,"0.015",0.015,9.06,8.99480249142,105.825,0.0649999999999977,9.24900000000001,0.007196193,105.775,"Huhnerberg","12","N","Y",102.826048807881,0.702778678776059,"8_2025",15.37314892,0.949081898,16.1979160622448,2.05554005766667,0.256234070333333,8.15634065019868,5.25600133469994,2.60306727149526
117,"8_2025_oPOM","20/03/2026",8,2025,"oPOM",0.108,0.312,"0.204",0.204,9.06,8.99480249142,97.706,0.384,9.24900000000001,0.007196193,97.526,"Huhnerberg","12","N","Y",102.826048807881,4.15180019461563,"8_2025",15.25,0.99,15.4040404040404,2.05554005766667,0.256234070333333,8.15634065019868,30.8021012442637,16.0411228191569
78,"8_2025_MAOM","20/03/2026",8,2025,"MAOM",NA,NA,"#VALUE!",0,9.06,8.99480249142,184.3,8.80000000000001,9.24900000000001,0.007196193,175.5,"Huhnerberg","12","N","Y",102.826048807881,95.1454211266083,"8_2025",1.22,0.1,12.2,2.05554005766667,0.256234070333333,8.15634065019868,56.4705189478169,37.1322287480483
25,"9_2025_fPOM","05/03/2026",9,2025,"fPOM",0.107,0.12,"0.013",0.013,9.05,8.99426983755,104.056,0.222999999999999,9.24900000000001,0.006158029,103.846,"Huhnerberg","50","N","Y",102.832138317516,2.41107146718563,"9_2025",9.190379143,0.62626487,14.6749076680606,1.93755045233333,0.840417438666667,2.32654949283326,11.436430415332,1.7966897038135
37,"9_2025_oPOM","05/03/2026",9,2025,"oPOM",0.109,0.275,"0.166",0.166,9.05,8.99426983755,172.86,0.286000000000001,9.24900000000001,0.006158029,172.74,"Huhnerberg","50","N","Y",102.832138317516,3.09222618661478,"9_2025",32.71,2.2,14.8681818181818,1.93755045233333,0.840417438666667,2.32654949283326,52.2033985965948,8.09466498142329
16,"9_2025_MAOM","05/03/2026",9,2025,"MAOM",NA,NA,"#VALUE!",0,9.05,8.99426983755,181.8,8.74000000000001,9.24900000000001,0.006158029,173.06,"Huhnerberg","50","N","Y",102.832138317516,94.4967023461996,"9_2025",0.8,0.06,13.3333333333333,1.93755045233333,0.840417438666667,2.32654949283326,39.0169772280872,6.74641181859243
26,"10_2025_fPOM","05/03/2026",10,2025,"fPOM",0.109,0.108,"-0.001",0,9,8.938865619,103.737,0.176999999999992,9.524,0.006792709,103.56,"Lime","2","Y","N",106.545957909427,1.85846283074331,"10_2025",10.65277767,0.721172094,14.7714779296493,2.120475061,0.58295738,3.64571770639638,9.33648865199612,2.29909008316923
31,"10_2025_oPOM","05/03/2026",10,2025,"oPOM",0.107,0.344,"0.237",0.237,9,8.938865619,176.84,0.507000000000005,9.524,0.006792709,176.57,"Lime","2","Y","N",106.545957909427,5.32339353212941,"10_2025",17.22,1.15,14.9739130434783,2.120475061,0.58295738,3.64571770639638,43.2303299903174,10.5014582059992
11,"10_2025_MAOM","05/03/2026",10,2025,"MAOM",NA,NA,"#VALUE!",0,9,8.938865619,183.97,8.84,9.524,0.006792709,175.13,"Lime","2","Y","N",106.545957909427,92.8181436371273,"10_2025",0.86,0.07,12.2857142857143,2.120475061,0.58295738,3.64571770639638,37.6442076570734,11.1453603256535
23,"11_2025_fPOM","06/03/2026",11,2025,"fPOM",0.105,0.116,"0.011",0.011,9.04,8.98543398144,109.293,0.0940000000000083,9.14999999999999,0.006036064,109.21,"Control","0","Y","Y",101.831475462397,1.02732240437168,"11_2025",14.92877674,0.927558482,16.0947013365784,2.32016281866667,0.395626186666667,8.23034691127749,6.61016834313305,2.40859084165338
17,"11_2025_oPOM","06/03/2026",11,2025,"oPOM",0.104,0.34,"0.236",0.236,9.04,8.98543398144,175.99,0.265999999999991,9.14999999999999,0.006036064,175.96,"Control","0","Y","Y",101.831475462397,2.90710382513652,"11_2025",38.11,2.48,15.366935483871,2.32016281866667,0.395626186666667,8.23034691127749,47.7508413998378,18.2233070744961
5,"11_2025_MAOM","06/03/2026",11,2025,"MAOM",NA,NA,"#VALUE!",0,9.04,8.98543398144,168.03,8.78999999999999,9.14999999999999,0.006036064,159.24,"Control","0","Y","Y",101.831475462397,96.0655737704918,"11_2025",1.31,0.1,13.1,2.32016281866667,0.395626186666667,8.23034691127749,54.2401165240914,24.2819047393927
116,"12_2025_fPOM","20/03/2026",12,2025,"fPOM",0.107,0.111,"0.004",0.004,9.16,9.11828056932,103.185,0.0180000000000007,9.64400000000001,0.004554523,103.171,"Huhnerberg","20","N","Y",105.765554445088,0.186644545831612,"12_2025",22.21256638,1.374686241,16.1582808625783,2.13942744133333,0.278256957333333,7.96767742010892,1.93783359213428,0.922089034435348
121,"12_2025_oPOM","20/03/2026",12,2025,"oPOM",0.107,0.373,"0.266",0.266,9.16,9.11828056932,109.762,0.786000000000001,9.64400000000001,0.004554523,109.242,"Huhnerberg","20","N","Y",105.765554445088,8.1501451679801,"12_2025",6.22,0.42,14.8095238095238,2.13942744133333,0.278256957333333,7.96767742010892,23.6950793307778,12.3017983210786
77,"12_2025_MAOM","20/03/2026",12,2025,"MAOM",NA,NA,"#VALUE!",0,9.16,9.11828056932,186.15,8.84,9.64400000000001,0.004554523,177.31,"Huhnerberg","20","N","Y",105.765554445088,91.6632102861883,"12_2025",1.03,0.08,12.875,2.13942744133333,0.278256957333333,7.96767742010892,44.1300811472876,26.3535434771198
29,"13_2025_fPOM","06/03/2026",13,2025,"fPOM",0.106,0.116,"0.01",0.01,9.03,8.99996753838,101.039,0.161000000000001,9.08600000000001,0.003325854,100.888,"Eifelgold","50","Y","N",100.955919688078,1.77195685670263,"13_2025",7.258448601,0.4321931,16.7944573872188,1.70190251166667,0.142064419666667,12.1390229369867,7.5572235656261,5.39070605265885
40,"13_2025_oPOM","06/03/2026",13,2025,"oPOM",0.108,0.223,"0.115",0.115,9.03,8.99996753838,163.03,0.105000000000018,9.08600000000001,0.003325854,163.04,"Eifelgold","50","Y","N",100.955919688078,1.15562403698017,"13_2025",30.98,2.03,15.2610837438424,1.70190251166667,0.142064419666667,12.1390229369867,21.0360067161459,16.5130495065132
30,"13_2025_MAOM","06/03/2026",13,2025,"MAOM",NA,NA,"#VALUE!",0,9.03,8.99996753838,189.51,8.81999999999999,9.08600000000001,0.003325854,180.69,"Eifelgold","50","Y","N",100.955919688078,97.0724191063172,"13_2025",1.15,0.09,12.7777777777778,1.70190251166667,0.142064419666667,12.1390229369867,65.5932294635036,61.4968740242455
34,"14_2025_fPOM","09/03/2026",14,2025,"fPOM",0.107,0.114,"0.007",0.007,9.16,9.16,103.614,0.0810000000000031,9.50600000000001,0,103.54,"Huhnerberg","50","Y","Y",103.777292576419,0.852093414685493,"14_2025",15.09079266,0.984763682,15.3242782363292,2.087194522,0.163787577,12.7517199660188,6.16078899807029,5.12316418511789
41,"14_2025_oPOM","09/03/2026",14,2025,"oPOM",0.108,0.303,"0.195",0.195,9.16,9.16,178.69,0.534999999999997,9.50600000000001,0,178.35,"Huhnerberg","50","Y","Y",103.777292576419,5.6280244056385,"14_2025",21.75,1.51,14.4039735099338,2.087194522,0.163787577,12.7517199660188,58.6478785433672,51.8862114463915
10,"14_2025_MAOM","10/03/2026",14,2025,"MAOM",NA,NA,"#VALUE!",0,9.16,9.16,183.56,8.89000000000001,9.50600000000001,0,174.67,"Huhnerberg","50","Y","Y",103.777292576419,93.519882179676,"14_2025",1.06,0.09,11.7777777777778,2.087194522,0.163787577,12.7517199660188,47.4948904213618,51.3884480760762
36,"15_2025_fPOM","09/03/2026",15,2025,"fPOM",0.109,0.119,"0.01",0.01,9.06,9.01701989454,103.318,0.135000000000005,8.992,0.004743941,103.193,"Bolsdorfer","50","Y","N",99.7225259028746,1.50133451957301,"15_2025",8.796712875,0.576711416,15.2532317393904,1.975471964,0.478515576,6.7909742104591,6.68539414311315,1.80942230535173
42,"15_2025_oPOM","09/03/2026",15,2025,"oPOM",0.109,0.206,"0.097",0.097,9.06,9.01701989454,175.41,0.0870000000000175,8.992,0.004743941,175.42,"Bolsdorfer","50","Y","N",99.7225259028746,0.967526690391653,"15_2025",30.16,1.93,15.6269430051813,1.975471964,0.478515576,6.7909742104591,14.7714599417176,3.90233172358822
7,"15_2025_MAOM","10/03/2026",15,2025,"MAOM",NA,NA,"#VALUE!",0,9.06,9.01701989454,172.38,8.76999999999998,8.992,0.004743941,163.61,"Bolsdorfer","50","Y","N",99.7225259028746,97.5311387900353,"15_2025",1.27,0.1,12.7,1.975471964,0.478515576,6.7909742104591,62.7012422958106,20.3820196628323
129,"16_2025_fPOM","20/03/2026",16,2025,"fPOM",0.105,0.105,"0",0,9.17,9.12790717825,104.621,0.134,9.346,0.004590275,104.487,"Huhnerberg","30","N","Y",102.389297102732,1.43376845709395,"16_2025",19.54231834,1.318921447,14.8168932914471,3.034160509,0.549974083,5.58327877804025,9.23456736427405,3.4383946926701
130,"16_2025_oPOM","20/03/2026",16,2025,"oPOM",0.107,0.312,"0.205",0.205,9.17,9.12790717825,108.432,0.432000000000002,9.346,0.004590275,108.205,"Huhnerberg","30","N","Y",102.389297102732,4.62229830943721,"16_2025",25.63,1.77,14.4802259887006,3.034160509,0.549974083,5.58327877804025,39.0452335397118,14.8760973663988
76,"16_2025_MAOM","20/03/2026",16,2025,"MAOM",NA,NA,"#VALUE!",0,9.17,9.12790717825,168.03,8.78,9.346,0.004590275,159.25,"Huhnerberg","30","N","Y",102.389297102732,93.9439332334688,"16_2025",0.7,0.05,14,3.034160509,0.549974083,5.58327877804025,21.6734589578788,8.54076002281992
33,"17_2025_fPOM","09/03/2026",17,2025,"fPOM",0.106,0.112,"0.006",0.006,9.19,9.16235521178,106.045,0.0970000000000084,9.23500000000004,0.003008138,105.954,"Lime","2","Y","N",100.792861513671,1.05035192203582,"17_2025",18.26158524,1.177766442,15.5052687772199,2.188157071,0.609336913,3.62343890552785,8.76586576460395,2.03018924288276
43,"17_2025_oPOM","09/03/2026",17,2025,"oPOM",0.106,0.334,"0.228",0.228,9.19,9.16235521178,179.03,0.248000000000019,9.23500000000004,0.003008138,179.01,"Lime","2","Y","N",100.792861513671,2.68543584190599,"17_2025",39.02,2.7,14.4518518518519,2.188157071,0.609336913,3.62343890552785,47.8876530117118,11.8992902259085
38,"17_2025_MAOM","10/03/2026",17,2025,"MAOM",NA,NA,"#VALUE!",0,9.19,9.16235521178,177.84,8.89000000000001,9.23500000000004,0.003008138,168.95,"Lime","2","Y","N",100.792861513671,96.2642122360582,"17_2025",0.87,0.07,12.4285714285714,2.188157071,0.609336913,3.62343890552785,38.2741557977355,11.0587340316343
35,"18_2025_fPOM","09/03/2026",18,2025,"fPOM",0.107,0.12,"0.013",0.013,9.09,9.06110472618,104.711,0.243000000000009,9.28700000000002,0.003178798,104.481,"Control","0","Y","Y",102.493021332899,2.61656078389155,"18_2025",10.60915661,0.703992665,15.0699817447672,1.88699997066667,0.413721045,6.29525631790391,14.7109186896715,4.45237103997527
52,"18_2025_oPOM","09/03/2026",18,2025,"oPOM",0.107,0.291,"0.184",0.184,9.09,9.06110472618,167.87,0.26400000000001,9.28700000000002,0.003178798,167.79,"Control","0","Y","Y",102.493021332899,2.84268332077107,"18_2025",38,2.48,15.3225806451613,1.88699997066667,0.413721045,6.29525631790391,57.2453459822456,17.0401160896039
39,"18_2025_MAOM","10/03/2026",18,2025,"MAOM",NA,NA,"#VALUE!",0,9.09,9.06110472618,172.11,8.78,9.28700000000002,0.003178798,163.33,"Control","0","Y","Y",102.493021332899,94.5407558953374,"18_2025",0.98,0.07,14,1.88699997066667,0.413721045,6.29525631790391,49.0990684778325,15.9959300902221
27,"19_2025_fPOM","09/03/2026",19,2025,"fPOM",0.111,0.112,"0.001",0.001,9.1,9.0789276396,105.972,0.207999999999998,9.11599999999999,0.002315644,105.765,"Huhnerberg","50","Y","Y",100.408334132308,2.28170250109696,"19_2025",20.75147247,1.313457489,15.7991199896383,2.43599037166667,0.513440778666667,6.26627359007417,19.4371403052174,5.83693263616187
53,"19_2025_oPOM","09/03/2026",19,2025,"oPOM",0.106,0.204,"0.098",0.098,9.1,9.0789276396,175.17,0.157999999999987,9.11599999999999,0.002315644,175.11,"Huhnerberg","50","Y","Y",100.408334132308,1.73321632294852,"19_2025",38.64,2.49,15.5180722891566,2.43599037166667,0.513440778666667,6.26627359007417,27.4925055113868,8.40546529114635
54,"19_2025_MAOM","09/03/2026",19,2025,"MAOM",NA,NA,"#VALUE!",0,9.1,9.0789276396,171.31,8.75,9.11599999999999,0.002315644,162.56,"Huhnerberg","50","Y","Y",100.408334132308,95.9850811759545,"19_2025",0.66,0.05,13.2,2.43599037166667,0.513440778666667,6.26627359007417,26.0059129596587,9.34723975618125
28,"20_2025_fPOM","09/03/2026",20,2025,"fPOM",0.113,0.139,"0.026",0.026,9,8.97929883,108.376,0.207000000000008,9.14999999999999,0.00230013,108.195,"Bolsdorfer","50","Y","N",101.901052334172,2.2622950819673,"20_2025",18.01354027,1.188598275,15.1552805088835,2.12721760433333,0.366123765333333,7.4463676087729,19.1573929618792,7.34440177495493
45,"20_2025_oPOM","09/03/2026",20,2025,"oPOM",0.107,0.36,"0.253",0.253,9,8.97929883,177.12,0.322999999999979,9.14999999999999,0.00230013,177.05,"Bolsdorfer","50","Y","N",101.901052334172,3.53005464480852,"20_2025",38.35,2.48,15.4637096774194,2.12721760433333,0.366123765333333,7.4463676087729,63.6406897689406,23.9114101515772
50,"20_2025_MAOM","09/03/2026",20,2025,"MAOM",NA,NA,"#VALUE!",0,9,8.97929883,173.04,8.62,9.14999999999999,0.00230013,164.42,"Bolsdorfer","50","Y","N",101.901052334172,94.2076502732242,"20_2025",0.96,0.07,13.7142857142857,2.12721760433333,0.366123765333333,7.4463676087729,42.5153233397759,18.0117658112736
48,"21_2025_fPOM","11/03/2026",21,2025,"fPOM",0.109,0.11,"0.001",0.001,9.05,9.02099472285,104.036,0.0460000000000065,9.114,0.003205003,103.991,"Eifelgold","50","Y","N",101.030986936667,0.504718016238824,"21_2025",28.54483604,1.577027202,18.1004081627756,2.033913339,0.56745997,3.59820834287511,7.08343504303617,1.40266112682469
60,"21_2025_oPOM","11/03/2026",21,2025,"oPOM",0.11,0.324,"0.214",0.214,9.05,9.02099472285,103.938,0.287999999999997,9.114,0.003205003,103.864,"Eifelgold","50","Y","N",101.030986936667,3.15997366688607,"21_2025",35.73,2.39,14.9497907949791,2.033913339,0.56745997,3.59820834287511,55.5116370756244,13.3090217162943
51,"21_2025_MAOM","11/03/2026",21,2025,"MAOM",NA,NA,"#VALUE!",0,9.05,9.02099472285,179.58,8.78,9.114,0.003205003,170.8,"Eifelgold","50","Y","N",101.030986936667,96.3353083168751,"21_2025",1.18,0.09,13.1111111111111,2.033913339,0.56745997,3.59820834287511,55.8901215868926,15.278923989156
57,"1_2026_fPOM","12/03/2026",1,2026,"fPOM",0.109,0.109,"0",0,9.14,9.11779397698,106.089,0.0579999999999927,9.136,0.002429543,106.031,"Control","0","Y","Y",100.199675744659,0.634851138353686,"1_2026",11.23240089,0.700104237,16.0438978888797,1.87,0.13,14.3846153846154,3.81331684035372,3.41893824481299
66,"1_2026_oPOM","12/03/2026",1,2026,"oPOM",0.112,0.239,"0.127",0.127,9.14,9.11779397698,174.35,0.137,9.136,0.002429543,174.34,"Control","0","Y","Y",100.199675744659,1.49956217162873,"1_2026",38.55,2.43,15.8641975308642,1.87,0.13,14.3846153846154,30.913434072881,28.0302775158293
69,"1_2026_MAOM","12/03/2026",1,2026,"MAOM",NA,NA,"#VALUE!",0,9.14,9.11779397698,116.541,8.941,9.136,0.002429543,107.6,"Control","0","Y","Y",100.199675744659,97.8655866900176,"1_2026",1.23,0.09,13.6666666666667,1.87,0.13,14.3846153846154,64.3714821543966,67.7530984777045
56,"2_2026_fPOM","12/03/2026",2,2026,"fPOM",0.109,0.114,"0.005",0.005,9.07,9.04320914284,106.248,0.0430000000000064,9.157,0.002953788,106.21,"Eifelgold","50","Y","N",101.258301730753,0.469586108987729,"2_2026",13.38288975,0.76311183,17.5372589231122,2.39,0.15,15.9333333333333,2.6294640689181,2.3889780998147
46,"2_2026_oPOM","12/03/2026",2,2026,"oPOM",0.107,0.32,"0.213",0.213,9.07,9.04320914284,161.7,0.312999999999988,9.157,0.002953788,161.6,"Eifelgold","50","Y","N",101.258301730753,3.4181500491426,"2_2026",38.35,2.34,16.3888888888889,2.39,0.15,15.9333333333333,54.8477214998405,53.3231407666246
71,"2_2026_MAOM","12/03/2026",2,2026,"MAOM",NA,NA,"#VALUE!",0,9.07,9.04320914284,118.035,8.801,9.157,0.002953788,109.234,"Eifelgold","50","Y","N",101.258301730753,96.1122638418697,"2_2026",1.14,0.09,12.6666666666667,2.39,0.15,15.9333333333333,45.8443434224818,57.6673583051218
152,"3_2026_fPOM","23/03/2026",3,2026,"fPOM",0.107,0.118,"0.011",0.011,9.06,9.03375140424,106.51,0.0400000000000063,9.21199999999999,0.002897196,106.481,"Huhnerberg","2","N","Y",101.973140368644,0.434216239687433,"3_2026",19.94973373,1.089537144,18.3102832609808,2.73,0.19,14.3684210526316,3.17307632344547,2.48997221930245
147,"3_2026_oPOM","23/03/2026",3,2026,"oPOM",0.105,0.3,"0.195",0.195,9.06,9.03375140424,104.251,0.441999999999993,9.21199999999999,0.002897196,104.004,"Huhnerberg","2","N","Y",101.973140368644,4.79808944854531,"3_2026",15.61,1.03,15.1553398058252,2.73,0.19,14.3684210526316,27.4352294109129,26.0106954315877
148,"3_2026_MAOM","23/03/2026",3,2026,"MAOM",NA,NA,"#VALUE!",0,9.06,9.03375140424,185.32,8.72999999999999,9.21199999999999,0.002897196,176.59,"Huhnerberg","2","N","Y",101.973140368644,94.7676943117673,"3_2026",1.45,0.1,14.5,2.73,0.19,14.3684210526316,50.3344896527702,49.8777338482986
64,"4_2026_fPOM","12/03/2026",4,2026,"fPOM",0.107,0.109,"0.002",0.002,9.01,8.96662655377,106.477,0.0379999999999967,9.208,0.004813923,106.441,"Bolsdorfer","50","Y","N",102.691909212261,0.412684622067731,"4_2026",28.28293228,1.572709084,17.9835753272727,2.29,0.15,15.2666666666667,5.09691319604325,4.32688569302019
44,"4_2026_oPOM","12/03/2026",4,2026,"oPOM",0.108,0.407,"0.299",0.299,9.01,8.96662655377,176.06,0.369,9.208,0.004813923,175.99,"Bolsdorfer","50","Y","N",102.691909212261,4.00738488271068,"4_2026",36.18,2.3,15.7304347826087,2.29,0.15,15.2666666666667,63.3131812473679,61.4465682015638
72,"4_2026_MAOM","12/03/2026",4,2026,"MAOM",NA,NA,"#VALUE!",0,9.01,8.96662655377,111.974,8.801,9.208,0.004813923,103.173,"Bolsdorfer","50","Y","N",102.691909212261,95.5799304952216,"4_2026",1.24,0.09,13.7777777777778,2.29,0.15,15.2666666666667,51.7550715345305,57.347958297133
154,"5_2026_fPOM","23/03/2026",5,2026,"fPOM",0.106,0.108,"0.002",0.002,9.24,9.2158926552,105.751,0.0529999999999973,9.67399999999998,0.00260902,105.7,"Huhnerberg","4","N","Y",104.970840719824,0.547860243952836,"5_2026",25.44186401,1.516656876,16.7749636800513,2.14,0.15,14.2666666666667,6.51335786127733,5.53944004052071
146,"5_2026_oPOM","23/03/2026",5,2026,"oPOM",0.106,0.444,"0.338",0.338,9.24,9.2158926552,106.332,0.700999999999993,9.67399999999998,0.00260902,105.969,"Huhnerberg","4","N","Y",104.970840719824,7.24622700020669,"5_2026",10.8,0.7,15.4285714285714,2.14,0.15,14.2666666666667,36.5697437393609,33.8157260009645
139,"5_2026_MAOM","23/03/2026",5,2026,"MAOM",NA,NA,"#VALUE!",0,9.24,9.2158926552,186,8.91999999999999,9.67399999999998,0.00260902,177.08,"Huhnerberg","4","N","Y",104.970840719824,92.2059127558405,"5_2026",1.14,0.08,14.25,2.14,0.15,14.2666666666667,49.1190376362889,49.1764868031149
58,"6_2026_fPOM","12/03/2026",6,2026,"fPOM",0.11,0.117,"0.007",0.007,9.32,9.29793212264,102.73,0.103000000000009,9.504,0.002367798,102.634,"Lime","2","Y","N",102.216276421918,1.0837542087543,"6_2026",10.7807188,0.688110113,15.6671419244205,2.14,0.16,13.375,5.45964923967131,4.66088894406341
49,"6_2026_oPOM","12/03/2026",6,2026,"oPOM",0.108,0.35,"0.242",0.242,9.32,9.29793212264,176.53,0.292000000000002,9.504,0.002367798,176.48,"Lime","2","Y","N",102.216276421918,3.07239057239059,"6_2026",35.83,2.4,14.9291666666667,2.14,0.16,13.375,51.441006639605,46.0858585858588
70,"6_2026_MAOM","12/03/2026",6,2026,"MAOM",NA,NA,"#VALUE!",0,9.32,9.29793212264,115.059,9.10899999999999,9.504,0.002367798,105.95,"Lime","2","Y","N",102.216276421918,95.8438552188551,"6_2026",1.4,0.1,14,2.14,0.16,13.375,62.7015875263538,59.9024095117844
145,"7_2026_fPOM","24/03/2026",7,2026,"fPOM",0.107,0.109,"0.002",0.002,9.29,9.25617934624,103.812,0.0259999999999962,9.379,0.003640544,103.788,"Huhnerberg","8","N","Y",101.326904429633,0.277215054909865,"7_2026",17.68780327,1.065663695,16.5979223586105,2.32,0.17,13.6470588235294,2.11350230807239,1.73775305720514
131,"7_2026_oPOM","24/03/2026",7,2026,"oPOM",0.11,0.348,"0.238",0.238,9.29,9.25617934624,105.08,0.363,9.379,0.003640544,104.955,"Huhnerberg","8","N","Y",101.326904429633,3.87034865124213,"7_2026",33.37,2.15,15.5209302325581,2.32,0.17,13.6470588235294,55.6696269361853,48.9485270598269
141,"7_2026_MAOM","24/03/2026",7,2026,"MAOM",NA,NA,"#VALUE!",0,9.29,9.25617934624,183.46,8.99000000000001,9.379,0.003640544,174.47,"Huhnerberg","8","N","Y",101.326904429633,95.852436293848,"7_2026",1.31,0.1,13.1,2.32,0.17,13.6470588235294,54.1235739417849,56.3837860552047
135,"8_2026_fPOM","24/03/2026",8,2026,"fPOM",0.11,0.117,"0.007",0.007,9.09,9.0454075506,103.913,0.0559999999999974,9.14099999999999,0.00490566,103.864,"Huhnerberg","12","N","Y",101.056806438684,0.612624439339213,"8_2026",21.75750923,1.269281149,17.141599595284,2.34,0.17,13.7647058823529,5.69623157839594,4.57407442511739
136,"8_2026_oPOM","24/03/2026",8,2026,"oPOM",0.108,0.26,"0.152",0.152,9.09,9.0454075506,97.645,0.204999999999998,9.14099999999999,0.00490566,97.592,"Huhnerberg","12","N","Y",101.056806438684,2.24264303686685,"8_2026",34.01,2.22,15.3198198198198,2.34,0.17,13.7647058823529,32.5949955913852,29.2862796579082
142,"8_2026_MAOM","24/03/2026",8,2026,"MAOM",NA,NA,"#VALUE!",0,9.09,9.0454075506,184.82,8.88,9.14099999999999,0.00490566,175.94,"Huhnerberg","12","N","Y",101.056806438684,97.1447325237939,"8_2026",1.47,0.11,13.3636363636364,2.34,0.17,13.7647058823529,61.0268191495629,62.8583563389255
67,"9_2026_fPOM","13/03/2026",9,2026,"fPOM",0.107,0.113,"0.006",0.006,9.05,9.0169414541,97.556,0.0729999999999933,9.28699999999999,0.003652878,97.489,"Huhnerberg","50","N","Y",102.995012746558,0.786045009152507,"9_2026",29.63914108,1.8255831,16.2354379156994,1.86,0.14,13.2857142857143,12.5256445814522,10.2499320324869
86,"9_2026_oPOM","13/03/2026",9,2026,"oPOM",0.108,0.232,"0.124",0.124,9.05,9.0169414541,175.43,0.204000000000008,9.28699999999999,0.003652878,175.35,"Huhnerberg","50","N","Y",102.995012746558,2.19661892968674,"9_2026",39.65,2.67,14.8501872659176,1.86,0.14,13.2857142857143,46.8257744957416,41.8926610161686
82,"9_2026_MAOM","13/03/2026",9,2026,"MAOM",NA,NA,"#VALUE!",0,9.05,9.0169414541,185.56,9.00999999999999,9.28699999999999,0.003652878,176.55,"Huhnerberg","50","N","Y",102.995012746558,97.0173360611607,"9_2026",0.96,0.08,12,1.86,0.14,13.2857142857143,50.0734637735023,55.4384777492347
22,"10_2026_fPOM","13/03/2026",10,2026,"fPOM",0.107,0.109,"0.002",0.002,9.28,9.26601883552,106.609,0.0709999999999837,9.05099999999997,0.001506591,106.54,"Lime","2","Y","N",97.6794906276708,0.784443707877405,"10_2026",22.74202347,1.551187754,14.6610385566517,2.08,0.14,14.8571428571429,8.57684481511624,8.69156766686989
85,"10_2026_oPOM","13/03/2026",10,2026,"oPOM",0.109,0.249,"0.14",0.14,9.28,9.26601883552,163.38,0.22999999999999,9.05099999999997,0.001506591,163.29,"Lime","2","Y","N",97.6794906276708,2.54115567340615,"10_2026",38.51,2.56,15.04296875,2.08,0.14,14.8571428571429,47.0480312417648,46.4668465994267
83,"10_2026_MAOM","13/03/2026",10,2026,"MAOM",NA,NA,"#VALUE!",0,9.28,9.26601883552,184.68,8.75,9.05099999999997,0.001506591,175.93,"Lime","2","Y","N",97.6794906276708,96.6744006187164,"10_2026",1,0.08,12.5,2.08,0.14,14.8571428571429,46.4780772205368,55.2425146392665
88,"11_2026_fPOM","16/03/2026",11,2026,"fPOM",0.108,0.115,"0.007",0.007,9.24,9.21387123888,104.562,0.0690000000000026,9.41800000000002,0.002827788,104.5,"Control","0","Y","Y",102.21545055089,0.732639626247637,"11_2026",21.44045067,1.294558048,16.5619847662482,2.08,0.14,14.8571428571429,7.55198257954313,6.7746037460185
87,"11_2026_oPOM","16/03/2026",11,2026,"oPOM",0.108,0.247,"0.139",0.139,9.24,9.21387123888,174.75,0.219000000000023,9.41800000000002,0.002827788,174.67,"Control","0","Y","Y",102.21545055089,2.32533446591656,"11_2026",38.16,2.42,15.7685950413223,2.08,0.14,14.8571428571429,42.6609438554693,40.1950671965578
90,"11_2026_MAOM","16/03/2026",11,2026,"MAOM",NA,NA,"#VALUE!",0,9.24,9.21387123888,187.43,9.13,9.41800000000002,0.002827788,178.3,"Control","0","Y","Y",102.21545055089,96.9420259078358,"11_2026",1.29,0.09,14.3333333333333,2.08,0.14,14.8571428571429,60.1226987601482,62.3198737978944
144,"12_2026_fPOM","24/03/2026",12,2026,"fPOM",0.106,0.115,"0.009",0.009,9.13,9.09717946687,104.668,0.054000000000002,9.16300000000001,0.003594801,104.623,"Huhnerberg","20","N","Y",100.723526818062,0.589326639746829,"12_2026",23.28001404,1.412431002,16.48223099538,1.97,0.14,14.0714285714286,6.96422966875747,5.94559440202077
134,"12_2026_oPOM","24/03/2026",12,2026,"oPOM",0.107,0.285,"0.178",0.178,9.13,9.09717946687,104.74,0.258999999999986,9.16300000000001,0.003594801,104.659,"Huhnerberg","20","N","Y",100.723526818062,2.8265851795262,"12_2026",37.02,2.44,15.172131147541,1.97,0.14,14.0714285714286,53.1168443381015,49.2633417003138
143,"12_2026_MAOM","24/03/2026",12,2026,"MAOM",NA,NA,"#VALUE!",0,9.13,9.09717946687,184.02,8.85000000000002,9.16300000000001,0.003594801,175.17,"Huhnerberg","20","N","Y",100.723526818062,96.584088180727,"12_2026",1.06,0.08,13.25,1.97,0.14,14.0714285714286,51.9691032850612,55.190907531844
74,"13_2026_fPOM","16/03/2026",13,2026,"fPOM",0.108,0.136,"0.028",0.028,9.02,8.99571070948,108.346,0.171000000000006,9.10100000000001,0.002692826,108.203,"Eifelgold","50","Y","N",101.170438822683,1.87891440501051,"13_2026",25.43236732,1.421242476,17.8944604805071,1.81,0.14,12.9285714285714,26.400685807219,19.0742354369229
92,"13_2026_oPOM","16/03/2026",13,2026,"oPOM",0.109,0.229,"0.12",0.12,9.02,8.99571070948,163.66,0.180000000000007,9.10100000000001,0.002692826,163.6,"Eifelgold","50","Y","N",101.170438822683,1.97780463685316,"13_2026",37.52,2.48,15.1290322580645,1.81,0.14,12.9285714285714,40.9984695992988,35.0353964242561
91,"13_2026_MAOM","16/03/2026",13,2026,"MAOM",NA,NA,"#VALUE!",0,9.02,8.99571070948,171.74,8.75,9.10100000000001,0.002692826,162.99,"Eifelgold","50","Y","N",101.170438822683,96.1432809581363,"13_2026",1.01,0.07,14.4285714285714,1.81,0.14,12.9285714285714,53.6490131313357,48.0716404790682
89,"14_2026_fPOM","16/03/2026",14,2026,"fPOM",0.11,0.108,"-0.002",0,9,9,105.796,0.0230000000000103,9.10600000000004,0,105.773,"Huhnerberg","50","Y","Y",101.177777777778,0.252580716011534,"14_2026",29.64695549,1.841350317,16.1006600516419,2.26,0.17,13.2941176470588,3.31338462178153,2.73582106762308
80,"14_2026_oPOM","16/03/2026",14,2026,"oPOM",0.108,0.311,"0.203",0.203,9,9,162.27,0.273000000000025,9.10600000000004,0,162.2,"Huhnerberg","50","Y","Y",101.177777777778,2.99802328135321,"14_2026",38.31,2.62,14.6221374045802,2.26,0.17,13.2941176470588,50.8204742958591,46.204829394973
94,"14_2026_MAOM","16/03/2026",14,2026,"MAOM",NA,NA,"#VALUE!",0,9,9,189.46,8.81,9.10600000000004,0,180.65,"Huhnerberg","50","Y","Y",101.177777777778,96.7493960026353,"14_2026",1.16,0.1,11.6,2.26,0.17,13.2941176470588,49.6589820190517,56.9114094133149
63,"15_2026_fPOM","16/03/2026",15,2026,"fPOM",0.108,0.121,"0.013",0.013,9.09,9.06594783273,106.55,0.0390000000000015,8.99900000000001,0.002646003,106.524,"Bolsdorfer","50","Y","N",99.2615462391225,0.433381486831886,"15_2026",23.97444916,1.397448421,17.1558740914703,1.89,0.14,13.5,5.49739810737369,4.32591624617037
84,"15_2026_oPOM","16/03/2026",15,2026,"oPOM",0.109,0.108,"-0.001",0,9.09,9.06594783273,168.98,0.0799999999999841,8.99900000000001,0.002646003,168.9,"Bolsdorfer","50","Y","N",99.2615462391225,0.888987665295966,"15_2026",35.5,2.23,15.9192825112108,1.89,0.14,13.5,16.6979164645539,14.1603035257857
93,"15_2026_MAOM","16/03/2026",15,2026,"MAOM",NA,NA,"#VALUE!",0,9.09,9.06594783273,187.83,8.88000000000002,8.99900000000001,0.002646003,178.95,"Bolsdorfer","50","Y","N",99.2615462391225,98.6776308478721,"15_2026",1.26,0.1,12.6,1.89,0.14,13.5,65.7850872319148,70.4840220341944
137,"16_2026_fPOM","24/03/2026",16,2026,"fPOM",0.107,0.112,"0.005",0.005,9.18,9.16213312206,104.264,0.115999999999985,9.343,0.001946283,104.153,"Huhnerberg","30","N","Y",101.974069526501,1.24157122979755,"16_2026",32.29343414,1.826347947,17.6819724812273,2.5,0.15,16.6666666666667,16.0378394958344,15.1169404439668
132,"16_2026_oPOM","24/03/2026",16,2026,"oPOM",0.107,0.455,"0.348",0.348,9.18,9.16213312206,106.278,0.427000000000007,9.343,0.001946283,106.199,"Huhnerberg","30","N","Y",101.974069526501,4.57026650968647,"16_2026",36.57,2.52,14.5119047619048,2.5,0.15,16.6666666666667,66.8538585036936,76.7804773627326
140,"16_2026_MAOM","24/03/2026",16,2026,"MAOM",NA,NA,"#VALUE!",0,9.18,9.16213312206,184.8,8.80000000000001,9.343,0.001946283,176,"Huhnerberg","30","N","Y",101.974069526501,94.188162260516,"16_2026",0.71,0.05,14.2,2.5,0.15,16.6666666666667,26.7494380819865,31.3960540868387
162,"17_2026_fPOM","07/04/2026",17,2026,"fPOM",0.106,0.109,"0.003",0.003,9.56,9.5321472268,105.782,0.090999999999994,9.92099999999999,0.00291347,105.694,"Lime","2","Y","N",104.079382786983,0.917246245338111,"17_2026",32.9607811,1.792199969,18.391240748872,2.05,0.15,13.6666666666667,14.7478793694568,10.9592579497355
161,"17_2026_oPOM","07/04/2026",17,2026,"oPOM",0.107,0.387,"0.28",0.28,9.56,9.5321472268,106.886,0.61999999999999,9.92099999999999,0.00291347,106.546,"Lime","2","Y","N",104.079382786983,6.24937002318305,"17_2026",16.86,1.21,13.9338842975207,2.05,0.15,13.6666666666667,51.3972578492031,50.4115848536766
158,"17_2026_MAOM","07/04/2026",17,2026,"MAOM",NA,NA,"#VALUE!",0,9.56,9.5321472268,183.62,9.21000000000001,9.92099999999999,0.00291347,174.41,"Lime","2","Y","N",104.079382786983,92.8333837314788,"17_2026",0.92,0.07,13.1428571428571,2.05,0.15,13.6666666666667,41.6618112355905,43.3222457413568
96,"18_2026_fPOM","17/03/2026",18,2026,"fPOM",0.106,0.123,"0.017",0.017,9.55,9.5197365848,104.051,0.230999999999995,10.016,0.003168944,103.837,"Control","0","Y","Y",105.212995241826,2.3063099041533,"18_2026",16.71080208,1.040011287,16.0679045399629,1.98,0.14,14.1428571428571,19.4647920926513,17.1327737974237
108,"18_2026_oPOM","17/03/2026",18,2026,"oPOM",0.109,0.474,"0.365",0.365,9.55,9.5197365848,174.63,0.585000000000008,10.016,0.003168944,174.41,"Control","0","Y","Y",105.212995241826,5.84065495207675,"18_2026",20.16,1.37,14.7153284671533,1.98,0.14,14.1428571428571,59.4684867847814,57.1549806024653
106,"18_2026_MAOM","17/03/2026",18,2026,"MAOM",NA,NA,"#VALUE!",0,9.55,9.5197365848,176.99,9.20000000000002,10.016,0.003168944,167.79,"Control","0","Y","Y",105.212995241826,91.85303514377,"18_2026",0.86,0.06,14.3333333333333,1.98,0.14,14.1428571428571,39.8957627392132,39.3655864901871
95,"19_2026_fPOM","17/03/2026",19,2026,"fPOM",0.108,0.115,"0.007",0.007,9.02,8.98887043758,97.698,0.120000000000005,9.327,0.003451171,97.585,"Huhnerberg","50","Y","Y",103.76164685839,1.28658732711488,"19_2026",29.57481384,1.819944382,16.2503943156215,1.88,0.13,14.4615384615385,20.2396705788966,18.0116721379624
107,"19_2026_oPOM","17/03/2026",19,2026,"oPOM",0.109,0.376,"0.267",0.267,9.02,8.98887043758,164.54,0.426999999999992,9.327,0.003451171,164.38,"Huhnerberg","50","Y","Y",103.76164685839,4.57810657231685,"19_2026",30.46,1.97,15.4619289340102,1.88,0.13,14.4615384615385,74.1750671238145,69.3759226728015
104,"19_2026_MAOM","17/03/2026",19,2026,"MAOM",NA,NA,"#VALUE!",0,9.02,8.98887043758,171.31,8.78,9.327,0.003451171,162.53,"Huhnerberg","50","Y","Y",103.76164685839,94.1353061005683,"19_2026",0.5,0.04,12.5,1.88,0.13,14.4615384615385,25.0359856650448,28.9647095694056
97,"20_2026_fPOM","17/03/2026",20,2026,"fPOM",0.109,0.106,"-0.003",0,9.23,9.20537728591,106.256,0.0919999999999987,9.43600000000002,0.002667683,106.164,"Bolsdorfer","50","Y","N",102.505304312111,0.97498940228909,"20_2026",31.58865166,1.999277234,15.8000356942993,2.1,0.13,16.1538461538462,14.6660002862389,14.9944162722142
81,"20_2026_oPOM","17/03/2026",20,2026,"oPOM",0.11,0.414,"0.304",0.304,9.23,9.20537728591,175.27,0.434000000000026,9.43600000000002,0.002667683,175.14,"Bolsdorfer","50","Y","N",102.505304312111,4.59940652819018,"20_2026",31.58,2.08,15.1826923076923,2.1,0.13,16.1538461538462,69.1663134096408,73.5905044510428
102,"20_2026_MAOM","17/03/2026",20,2026,"MAOM",NA,NA,"#VALUE!",0,9.23,9.20537728591,179.68,8.91,9.43600000000002,0.002667683,170.77,"Bolsdorfer","50","Y","N",102.505304312111,94.4256040695207,"20_2026",0.6,0.05,12,2.1,0.13,16.1538461538462,26.9787440198631,36.3175400267387
101,"21_2026_fPOM","19/03/2026",21,2026,"fPOM",0.109,0.105,"-0.004",0,9.05,9.0178793237,103.843,0.0880000000000081,9.15499999999999,0.003549246,103.755,"Eifelgold","50","Y","N",101.520542373412,0.961223375204896,"21_2026",25.22785378,1.287819147,19.5895936465681,1.91,0.13,14.6923076923077,12.6961270992603,9.52216820871407
103,"21_2026_oPOM","19/03/2026",21,2026,"oPOM",0.108,0.285,"0.177",0.177,9.05,9.0178793237,177.14,0.296999999999969,9.15499999999999,0.003549246,177.02,"Eifelgold","50","Y","N",101.520542373412,3.24412889131588,"21_2026",35.01,2.32,15.0905172413793,1.91,0.13,14.6923076923077,59.4643730287796,57.8952232911757
79,"21_2026_MAOM","19/03/2026",21,2026,"MAOM",NA,NA,"#VALUE!",0,9.05,9.0178793237,181.52,8.77000000000001,9.15499999999999,0.003549246,172.75,"Eifelgold","50","Y","N",101.520542373412,95.7946477334792,"21_2026",1.02,0.08,12.75,1.91,0.13,14.6923076923077,51.1573511456277,58.9505524513718
